"well_id","201901","201902","201903","201904","201905","201906","201907","201908","201909","201910","201911","201912","201913","201914","201915","201916","201917","201918","201919","201920","201921","201922","201923","201924","201925","201926","201927","201928","201929","201930","201931","201932","201933","201934","201935","201936","201937","201938","201939","201940","201941","201942","201943","201944","201945","201946","201947","201948","201949","201950","201951","201952","202101","202102","202103","202104","202105","202106","202107","202108","202109","202110","202111","202112","202113","202114","202115","202116","202117","202118","202119","202120","202121","202122","202123","202124","202125","202126","202127","202128","202129","202130","202131","202132","202133","202134","202135","202136","202137","202138","202139","202140","202141","202142","202143","202144","202145","202146","202147","202148","202149","202150","202151","202152","202401","202402","202403","202404","202405","202406","202407","202408","202409","202410","202411","202412","202413","202414","202415","202416","202417","202418","202419","202420","202421","202422","202423","202424","202425","202426","202427","202428","202429","202430","202431","202432","202433","202434","202435","202436","202437","202438","202439","202440","202441","202442","202443","202444","202445","202446","202447","202448","202449","202450","202451","202452"
"EEF-1",NA,NA,NA,NA,NA,NA,NA,NA,NA,NA,NA,NA,NA,NA,NA,NA,NA,NA,NA,NA,NA,NA,NA,NA,1.6503,NA,18.0503,NA,NA,49.017,NA,56.1503,NA,39.4837,NA,20.017,NA,1.717,NA,3.2503,NA,NA,NA,NA,NA,NA,NA,NA,NA,NA,NA,NA,NA,NA,NA,NA,NA,NA,NA,NA,NA,NA,NA,NA,NA,NA,NA,NA,NA,NA,NA,13.1594,NA,38.153,NA,69.0394,NA,NA,76.3546,NA,79.301,NA,79.301,NA,79.6058,NA,NA,83.7714,NA,83.4666,NA,NA,NA,NA,NA,NA,7.673,NA,NA,NA,NA,NA,NA,NA,NA,NA,NA,NA,NA,NA,NA,NA,NA,NA,NA,NA,NA,NA,NA,NA,NA,NA,NA,1.245,NA,2.155,NA,21.155,NA,48.995,NA,83.035,NA,85.575,NA,67.585,NA,75.715,NA,38.225,NA,21.465,NA,16.995,NA,NA,10.895,NA,8.655,NA,NA,NA,NA,NA,NA,NA
"EEF-XA3S",NA,NA,NA,NA,NA,NA,NA,NA,NA,NA,NA,NA,NA,NA,NA,NA,NA,NA,NA,NA,NA,-0.0893,NA,NA,3.6107,NA,6.444,NA,NA,40.044,NA,63.7107,NA,NA,NA,NA,NA,22.4773,NA,18.544,NA,NA,NA,NA,NA,NA,NA,NA,NA,NA,NA,NA,NA,NA,NA,NA,NA,NA,NA,NA,NA,NA,NA,NA,NA,NA,NA,NA,NA,NA,NA,15.5224,NA,39.6016,NA,86.744,NA,NA,NA,NA,NA,NA,NA,NA,NA,NA,NA,NA,NA,NA,NA,NA,NA,NA,NA,NA,3.8672,NA,NA,NA,NA,NA,NA,NA,NA,NA,NA,NA,NA,NA,NA,NA,NA,NA,NA,NA,NA,NA,NA,NA,NA,NA,NA,1.1788,NA,1.7287,NA,5.6988,NA,38.6188,NA,96.6288,NA,NA,NA,NA,NA,NA,NA,NA,NA,NA,NA,NA,NA,NA,87.5888,NA,18.1888,NA,NA,NA,NA,NA,NA,NA
"EER-1",NA,NA,NA,NA,NA,NA,NA,NA,NA,NA,NA,NA,NA,NA,NA,NA,NA,NA,NA,NA,NA,2.6104,NA,NA,14.0104,NA,33.0187,NA,NA,37.9104,NA,39.0437,NA,39.2771,NA,39.1104,NA,24.9437,NA,23.7771,NA,NA,NA,NA,NA,NA,NA,NA,NA,NA,NA,NA,NA,NA,NA,NA,NA,NA,NA,NA,NA,NA,NA,NA,NA,NA,NA,NA,NA,NA,NA,28.7317,NA,37.7741,NA,40.5173,NA,NA,41.1269,NA,46.5117,NA,48.2389,NA,44.2765,NA,NA,43.7685,NA,39.8061,NA,35.6405,NA,NA,NA,NA,17.0477,NA,NA,NA,NA,NA,NA,NA,NA,NA,NA,NA,NA,NA,NA,NA,NA,NA,NA,NA,NA,NA,NA,NA,NA,NA,NA,-9,NA,16.64,NA,27.41,NA,34.31,NA,38.58,NA,42.04,NA,39.29,NA,38.89,NA,36.45,NA,30.35,NA,27.61,NA,NA,21.51,NA,20.6,NA,NA,NA,NA,NA,NA,NA
"EER-XB4S",NA,NA,NA,NA,NA,NA,NA,NA,NA,NA,NA,NA,NA,NA,NA,NA,NA,NA,NA,NA,NA,NA,NA,NA,NA,NA,26.1333,NA,NA,NA,NA,NA,NA,NA,NA,NA,NA,NA,NA,NA,NA,NA,NA,NA,NA,NA,NA,NA,NA,NA,NA,NA,NA,NA,NA,NA,NA,NA,NA,NA,NA,NA,NA,NA,NA,NA,NA,NA,NA,NA,NA,17.7912,NA,27.1384,NA,38.924,NA,NA,43.0896,NA,53.148,NA,NA,NA,NA,NA,NA,NA,NA,50.7096,NA,41.4367,NA,NA,NA,NA,-18.1752,NA,NA,NA,NA,NA,NA,NA,NA,NA,NA,NA,NA,NA,NA,NA,NA,NA,NA,NA,NA,NA,NA,NA,NA,NA,NA,5.745,NA,11.225,NA,25.865,NA,34.395,NA,47.395,NA,NA,NA,NA,NA,NA,NA,NA,NA,38.055,NA,39.065,NA,NA,28.605,NA,25.555,NA,NA,NA,NA,NA,NA,NA
"EET-1",NA,NA,NA,NA,NA,NA,NA,NA,NA,NA,NA,NA,NA,NA,NA,NA,NA,NA,NA,NA,NA,NA,NA,NA,27.4767,NA,NA,NA,NA,87.61,NA,87.61,NA,NA,NA,NA,NA,NA,NA,NA,NA,NA,NA,NA,NA,NA,NA,NA,NA,NA,NA,NA,NA,NA,NA,NA,NA,NA,NA,NA,NA,NA,NA,NA,NA,NA,NA,NA,NA,NA,NA,45.4612,NA,50.2364,NA,83.9676,NA,NA,NA,NA,89.3524,NA,NA,NA,NA,NA,NA,NA,NA,NA,NA,NA,NA,NA,NA,NA,13.1524,NA,NA,NA,NA,NA,NA,NA,NA,NA,NA,NA,NA,NA,NA,NA,NA,NA,NA,NA,NA,NA,NA,NA,NA,NA,NA,5.1675,NA,32.7975,NA,59.7275,NA,NA,NA,NA,NA,NA,NA,NA,NA,NA,NA,NA,NA,NA,NA,NA,NA,NA,NA,NA,81.9775,NA,NA,NA,NA,NA,NA,NA
"EET-2",NA,NA,NA,NA,NA,NA,NA,NA,NA,NA,NA,NA,NA,NA,NA,NA,NA,NA,NA,NA,NA,NA,NA,NA,NA,NA,81.6833,NA,NA,112.25,NA,NA,NA,NA,NA,134.65,NA,NA,NA,NA,NA,NA,NA,NA,NA,NA,NA,NA,NA,NA,NA,NA,NA,NA,NA,NA,NA,NA,NA,NA,NA,NA,NA,NA,NA,NA,NA,NA,NA,NA,NA,92.5252,NA,115.4868,NA,134.8924,NA,NA,135.6036,NA,NA,NA,NA,NA,NA,NA,NA,NA,NA,NA,NA,NA,NA,NA,NA,NA,-3.0601,NA,NA,NA,NA,NA,NA,NA,NA,NA,NA,NA,NA,NA,NA,NA,NA,NA,NA,NA,NA,NA,NA,NA,NA,NA,NA,-18.15,NA,1.32,NA,59.61,NA,91.2,NA,131.23,NA,NA,NA,NA,NA,NA,NA,NA,NA,NA,NA,NA,NA,NA,NA,NA,NA,NA,NA,NA,NA,NA,NA,NA
"EFF-XA2N",NA,NA,NA,NA,NA,NA,NA,NA,NA,NA,NA,NA,NA,NA,NA,NA,NA,NA,NA,NA,NA,NA,NA,NA,7.7083,NA,20.0417,NA,NA,28.575,NA,31.875,NA,31.9083,NA,31.9417,NA,17.4083,NA,13.775,NA,NA,NA,NA,NA,NA,NA,NA,NA,NA,NA,NA,NA,NA,NA,NA,NA,NA,NA,NA,NA,NA,NA,NA,NA,NA,NA,NA,NA,NA,NA,13.0358,NA,22.383,NA,29.2918,NA,NA,32.6446,NA,37.0134,NA,37.623,NA,36.5054,NA,NA,37.623,NA,30.9174,NA,26.345,NA,NA,NA,NA,12.0198,NA,NA,NA,NA,NA,NA,NA,NA,NA,NA,NA,NA,NA,NA,NA,NA,NA,NA,NA,NA,NA,NA,NA,NA,NA,NA,3.485,NA,9.585,NA,19.745,NA,25.735,NA,30.305,NA,32.445,NA,31.835,NA,32.445,NA,30.005,NA,21.165,NA,20.355,NA,NA,14.765,NA,9.275,NA,NA,NA,NA,NA,NA,NA
"EFF-XA2S",NA,NA,NA,NA,NA,NA,NA,NA,NA,NA,NA,NA,NA,NA,NA,NA,NA,NA,NA,NA,NA,NA,NA,NA,16.9355,NA,21.1688,NA,NA,46.7355,NA,NA,NA,NA,NA,NA,NA,NA,NA,44.3022,NA,NA,34.4355,NA,NA,NA,NA,NA,NA,NA,NA,NA,NA,NA,NA,NA,NA,NA,NA,NA,NA,NA,NA,NA,NA,NA,NA,NA,NA,NA,NA,34.4755,NA,50.4267,NA,58.3515,NA,NA,NA,NA,NA,NA,NA,NA,NA,NA,NA,NA,NA,NA,NA,NA,NA,NA,NA,NA,14.0634,NA,NA,NA,NA,NA,NA,NA,NA,NA,NA,NA,NA,NA,NA,NA,NA,NA,NA,NA,NA,NA,NA,NA,NA,NA,NA,4.6137,NA,11.6238,NA,30.8238,NA,43.0237,NA,NA,NA,NA,NA,NA,NA,NA,NA,NA,NA,NA,NA,NA,NA,NA,NA,NA,41.3938,NA,NA,NA,NA,NA,NA,NA
"EFR-XB1S",NA,NA,NA,NA,NA,NA,NA,NA,NA,NA,NA,NA,NA,NA,NA,NA,NA,NA,NA,NA,NA,NA,NA,NA,NA,NA,35.2707,NA,NA,41.004,NA,NA,NA,NA,NA,NA,NA,NA,NA,NA,NA,NA,NA,NA,NA,NA,NA,NA,NA,NA,NA,NA,NA,NA,NA,NA,NA,NA,NA,NA,NA,NA,NA,NA,NA,NA,NA,NA,NA,NA,NA,45.3496,NA,47.6864,NA,48.296,NA,NA,49.5152,NA,50.2264,NA,51.1408,NA,52.1568,NA,NA,50.836,NA,50.2264,NA,47.7407,NA,NA,NA,NA,41.692,NA,NA,NA,NA,NA,NA,NA,NA,NA,NA,NA,NA,NA,NA,NA,NA,NA,NA,NA,NA,NA,NA,NA,NA,NA,NA,16.305,NA,27.785,NA,36.015,NA,40.685,NA,43.735,NA,45.765,NA,45.765,NA,46.075,NA,46.475,NA,45.875,NA,45.465,NA,NA,44.855,NA,43.735,NA,NA,NA,NA,NA,NA,NA
"EFR-XB2S",NA,NA,NA,NA,NA,NA,NA,NA,NA,NA,NA,NA,NA,NA,NA,NA,NA,NA,NA,NA,NA,NA,NA,NA,NA,NA,NA,NA,NA,NA,NA,NA,NA,NA,NA,NA,NA,NA,NA,NA,NA,NA,NA,NA,NA,NA,NA,NA,NA,NA,NA,NA,NA,NA,NA,NA,NA,NA,NA,NA,NA,NA,NA,NA,NA,NA,NA,NA,NA,NA,NA,38.8408,NA,44.9368,NA,NA,NA,NA,NA,NA,57.1288,NA,56.824,NA,NA,NA,NA,NA,NA,NA,NA,NA,NA,NA,NA,NA,33.0496,NA,NA,NA,NA,NA,NA,NA,NA,NA,NA,NA,NA,NA,NA,NA,NA,NA,NA,NA,NA,NA,NA,NA,NA,NA,NA,18.245,NA,NA,NA,NA,NA,NA,NA,NA,NA,48.725,NA,NA,NA,NA,NA,NA,NA,NA,NA,NA,NA,NA,42.935,NA,NA,NA,NA,NA,NA,NA,NA,NA
"EFR-XB3S",NA,NA,NA,NA,NA,NA,NA,NA,NA,NA,NA,NA,NA,NA,NA,NA,NA,NA,NA,NA,NA,NA,NA,NA,NA,NA,50.7,NA,NA,55.2833,NA,NA,NA,NA,NA,NA,NA,NA,NA,NA,NA,NA,NA,NA,NA,NA,NA,NA,NA,NA,NA,NA,NA,NA,NA,NA,NA,NA,NA,NA,NA,NA,NA,NA,NA,NA,NA,NA,NA,NA,NA,39.2276,NA,50.81,NA,64.7292,NA,NA,NA,NA,NA,NA,NA,NA,NA,NA,NA,NA,NA,NA,NA,NA,NA,NA,NA,NA,26.7308,NA,NA,NA,NA,NA,NA,NA,NA,NA,NA,NA,NA,NA,NA,NA,NA,NA,NA,NA,NA,NA,NA,NA,NA,NA,NA,18.295,NA,27.235,NA,44.915,NA,57.715,NA,NA,NA,NA,NA,NA,NA,NA,NA,NA,NA,NA,NA,NA,NA,NA,56.595,NA,48.365,NA,NA,NA,NA,NA,NA,NA
"EFT-XC3S",NA,NA,NA,NA,NA,NA,NA,NA,NA,NA,NA,NA,NA,NA,NA,NA,NA,NA,NA,NA,NA,NA,NA,NA,NA,NA,NA,NA,NA,NA,NA,NA,NA,NA,NA,NA,NA,NA,NA,NA,NA,NA,NA,NA,NA,NA,NA,NA,NA,NA,NA,NA,NA,NA,NA,NA,NA,NA,NA,NA,NA,NA,NA,NA,NA,NA,NA,NA,NA,NA,NA,NA,NA,NA,NA,NA,NA,NA,NA,NA,NA,NA,NA,NA,NA,NA,NA,NA,NA,NA,NA,NA,NA,NA,NA,NA,NA,NA,NA,NA,NA,NA,NA,NA,NA,NA,NA,NA,NA,NA,NA,NA,NA,NA,NA,NA,NA,NA,NA,NA,NA,NA,NA,3.44,NA,13.5,NA,46.92,NA,62.16,NA,75.58,NA,57.59,NA,88.68,NA,NA,NA,88.99,NA,71.92,NA,NA,NA,NA,62.88,NA,58.2,NA,NA,NA,NA,NA,NA,NA
"EFT-XC4S",NA,NA,NA,NA,NA,NA,NA,NA,NA,NA,NA,NA,NA,NA,NA,NA,NA,NA,NA,NA,NA,NA,NA,NA,NA,NA,NA,NA,NA,NA,NA,NA,NA,NA,NA,NA,NA,NA,NA,NA,NA,NA,NA,NA,NA,NA,NA,NA,NA,NA,NA,NA,NA,NA,NA,NA,NA,NA,NA,NA,NA,NA,NA,NA,NA,NA,NA,NA,NA,NA,NA,NA,NA,NA,NA,NA,NA,NA,NA,NA,NA,NA,NA,NA,NA,NA,NA,NA,NA,NA,NA,NA,NA,NA,NA,NA,NA,NA,NA,NA,NA,NA,NA,NA,NA,NA,NA,NA,NA,NA,NA,NA,NA,NA,NA,NA,NA,NA,NA,NA,NA,NA,NA,5.185,NA,12.505,NA,36.375,NA,72.855,NA,NA,NA,NA,NA,NA,NA,NA,NA,NA,NA,NA,NA,NA,NA,NA,NA,NA,61.275,NA,NA,NA,NA,NA,NA,NA
"EHF-XB7S",NA,NA,NA,NA,NA,NA,NA,NA,NA,NA,NA,NA,NA,NA,NA,NA,NA,NA,NA,NA,NA,NA,NA,NA,NA,NA,4.5167,NA,NA,3.55,NA,5.85,NA,5.6167,NA,5.1167,NA,3.2833,NA,3.45,NA,NA,NA,NA,NA,NA,NA,NA,NA,NA,NA,NA,NA,NA,NA,NA,NA,NA,NA,NA,NA,NA,NA,NA,NA,NA,NA,NA,NA,NA,NA,-11.6356,NA,11.834,NA,24.4324,NA,NA,53.5916,NA,78.2804,NA,85.5956,NA,90.1676,NA,NA,96.8732,NA,81.0236,NA,20.12,NA,NA,NA,NA,11.4276,NA,NA,NA,NA,NA,NA,NA,NA,NA,NA,NA,NA,NA,NA,NA,NA,NA,NA,NA,NA,NA,NA,NA,NA,NA,NA,1.835,NA,2.855,NA,13.925,NA,28.555,NA,70.015,NA,76.515,NA,78.955,NA,NA,NA,24.295,NA,12.205,NA,10.375,NA,NA,4.375,NA,3.365,NA,NA,NA,NA,NA,NA,NA
"EHR-1",NA,NA,NA,NA,NA,NA,NA,NA,NA,NA,NA,NA,NA,NA,NA,NA,NA,NA,NA,NA,NA,4.4417,NA,NA,8.8083,NA,36.4083,NA,NA,54.1417,NA,61.1083,NA,62.9083,NA,62.775,NA,50.4417,NA,42.0083,NA,NA,NA,NA,NA,NA,NA,NA,NA,NA,NA,NA,NA,NA,NA,NA,NA,NA,NA,NA,NA,NA,NA,NA,NA,NA,NA,NA,NA,NA,NA,45.5542,NA,55.003,NA,60.2862,NA,NA,58.559,NA,63.639,NA,65.0614,NA,60.1846,NA,NA,60.7942,NA,60.2862,NA,58.051,NA,NA,NA,NA,29.3998,NA,NA,NA,NA,NA,NA,NA,NA,NA,NA,NA,NA,NA,NA,NA,NA,NA,NA,NA,NA,NA,NA,NA,NA,NA,NA,7.755,NA,26.045,NA,43.425,NA,54.195,NA,65.465,NA,66.895,NA,64.755,NA,65.165,NA,61.705,NA,57.445,NA,54.085,NA,NA,46.165,NA,38.845,NA,NA,NA,NA,NA,NA,NA
"EHR-XB1N",NA,NA,NA,NA,NA,NA,NA,NA,NA,NA,NA,NA,NA,NA,NA,NA,NA,NA,NA,NA,NA,NA,NA,NA,NA,NA,51.05,NA,NA,NA,NA,NA,NA,NA,NA,63.75,NA,NA,NA,NA,NA,NA,NA,NA,NA,NA,NA,NA,NA,NA,NA,NA,NA,NA,NA,NA,NA,NA,NA,NA,NA,NA,NA,NA,NA,NA,NA,NA,NA,NA,NA,56.1092,NA,66.6756,NA,71.0444,NA,NA,73.178,NA,79.782,NA,76.5308,NA,71.146,NA,NA,71.4508,NA,NA,NA,NA,NA,NA,NA,NA,44.0188,NA,NA,NA,NA,NA,NA,NA,NA,NA,NA,NA,NA,NA,NA,NA,NA,NA,NA,NA,NA,NA,NA,NA,NA,NA,NA,30.815,NA,41.385,NA,52.965,NA,58.445,NA,68.305,NA,69.625,NA,67.695,NA,68.205,NA,66.475,NA,62.925,NA,62.815,NA,NA,54.995,NA,43.925,NA,NA,NA,NA,NA,NA,NA
"EHR-XB2N",NA,NA,NA,NA,NA,NA,NA,NA,NA,NA,NA,NA,NA,NA,NA,NA,NA,NA,NA,NA,NA,NA,NA,NA,NA,NA,16.95,NA,NA,NA,NA,NA,NA,NA,NA,21.55,NA,NA,NA,NA,NA,NA,NA,NA,NA,NA,NA,NA,NA,NA,NA,NA,NA,NA,NA,NA,NA,NA,NA,NA,NA,NA,NA,NA,NA,NA,NA,NA,NA,NA,NA,18.1756,NA,23.8652,NA,28.742,NA,NA,28.9452,NA,33.1108,NA,34.9396,NA,31.9932,NA,NA,34.1268,NA,NA,NA,27.3867,NA,NA,NA,NA,21.3252,NA,NA,NA,NA,NA,NA,NA,NA,NA,NA,NA,NA,NA,NA,NA,NA,NA,NA,NA,NA,NA,NA,NA,NA,NA,NA,7.39,NA,12.07,NA,19.08,NA,22.84,NA,24.87,NA,27.61,NA,26.6,NA,25.99,NA,23.75,NA,21.52,NA,20.6,NA,NA,17.96,NA,15.73,NA,NA,NA,NA,NA,NA,NA
"EHT-XA5S",NA,NA,NA,NA,NA,NA,NA,NA,NA,NA,NA,NA,NA,NA,NA,NA,NA,NA,NA,NA,NA,-5.1708,NA,NA,0.6292,NA,54.9625,NA,NA,91.4292,NA,NA,NA,NA,NA,NA,NA,NA,NA,NA,NA,NA,NA,NA,NA,NA,NA,NA,NA,NA,NA,NA,NA,NA,NA,NA,NA,NA,NA,NA,NA,NA,NA,NA,NA,NA,NA,NA,NA,NA,NA,NA,NA,79.1121,NA,104.8169,NA,NA,NA,NA,NA,NA,NA,NA,NA,NA,NA,NA,NA,NA,NA,NA,NA,NA,NA,NA,1.2715,NA,NA,NA,NA,NA,NA,NA,NA,NA,NA,NA,NA,NA,NA,NA,NA,NA,NA,NA,NA,NA,NA,NA,NA,NA,NA,-28.8188,NA,6.5112,NA,58.9412,NA,93.9913,NA,128.2313,NA,NA,NA,NA,NA,NA,NA,NA,NA,NA,NA,NA,NA,NA,NA,NA,83.3212,NA,NA,NA,NA,NA,NA,NA
"EHT-XB5S",NA,NA,NA,NA,NA,NA,NA,NA,NA,NA,NA,NA,NA,NA,NA,NA,NA,NA,NA,NA,NA,NA,NA,NA,NA,NA,NA,NA,NA,NA,NA,NA,NA,NA,NA,NA,NA,NA,NA,NA,NA,NA,NA,NA,NA,NA,NA,NA,NA,NA,NA,NA,NA,NA,NA,NA,NA,NA,NA,NA,NA,NA,NA,NA,NA,NA,NA,NA,NA,NA,NA,38.9196,NA,60.9668,NA,92.7676,NA,NA,120.5044,NA,NA,NA,NA,NA,NA,NA,NA,NA,NA,NA,NA,NA,NA,NA,NA,NA,-1.0702,NA,NA,NA,NA,NA,NA,NA,NA,NA,NA,NA,NA,NA,NA,NA,NA,NA,NA,NA,NA,NA,NA,NA,NA,NA,NA,10.68,NA,40.85,NA,74.99,NA,100.59,NA,NA,NA,NA,NA,NA,NA,NA,NA,NA,NA,NA,NA,NA,NA,NA,125.89,NA,78.55,NA,NA,NA,NA,NA,NA,NA
"EHT-XB6S",NA,NA,NA,NA,NA,NA,NA,NA,NA,NA,NA,NA,NA,NA,NA,NA,NA,NA,NA,NA,NA,NA,NA,NA,NA,NA,NA,NA,NA,NA,NA,NA,NA,NA,NA,NA,NA,NA,NA,NA,NA,NA,NA,NA,NA,NA,NA,NA,NA,NA,NA,NA,NA,NA,NA,NA,NA,NA,NA,NA,NA,NA,NA,NA,NA,NA,NA,NA,NA,NA,NA,20.7124,NA,38.1876,NA,75.5764,NA,NA,98.538,NA,128.6116,NA,NA,NA,NA,NA,NA,NA,NA,NA,NA,NA,NA,NA,NA,NA,15.226,NA,NA,NA,NA,NA,NA,NA,NA,NA,NA,NA,NA,NA,NA,NA,NA,NA,NA,NA,NA,NA,NA,NA,NA,NA,NA,18.59,NA,23.88,NA,48.16,NA,83.52,NA,122.12,NA,NA,NA,NA,NA,NA,NA,NA,NA,NA,NA,NA,NA,NA,NA,NA,14.33,NA,NA,NA,NA,NA,NA,NA
"EHT-XC5S",NA,NA,NA,NA,NA,NA,NA,NA,NA,NA,NA,NA,NA,NA,NA,NA,NA,NA,NA,NA,NA,NA,NA,NA,NA,NA,NA,NA,NA,NA,NA,NA,NA,NA,NA,NA,NA,NA,NA,NA,NA,NA,NA,NA,NA,NA,NA,NA,NA,NA,NA,NA,NA,NA,NA,NA,NA,NA,NA,NA,NA,NA,NA,NA,NA,NA,NA,NA,NA,NA,NA,58.915,NA,NA,NA,89.395,NA,NA,113.5758,NA,117.1318,NA,NA,NA,NA,NA,NA,NA,NA,NA,NA,NA,NA,NA,NA,NA,66.3318,NA,NA,NA,NA,NA,NA,NA,NA,NA,NA,NA,NA,NA,NA,NA,NA,NA,NA,NA,NA,NA,NA,NA,NA,NA,NA,NA,NA,51.395,NA,NA,NA,85.435,NA,NA,NA,110.425,NA,NA,NA,115.305,NA,114.695,NA,106.565,NA,101.285,NA,NA,95.895,NA,82.385,NA,NA,NA,NA,NA,NA,NA
"EHT-XC6S",NA,NA,NA,NA,NA,NA,NA,NA,NA,NA,NA,NA,NA,NA,NA,NA,NA,NA,NA,NA,NA,NA,NA,NA,NA,NA,NA,NA,NA,NA,NA,NA,NA,NA,NA,NA,NA,NA,NA,NA,NA,NA,NA,NA,NA,NA,NA,NA,NA,NA,NA,NA,NA,NA,NA,NA,NA,NA,NA,NA,NA,NA,NA,NA,NA,NA,NA,NA,NA,NA,NA,NA,NA,NA,NA,NA,NA,NA,NA,NA,NA,NA,NA,NA,NA,NA,NA,NA,NA,NA,NA,NA,NA,NA,NA,NA,NA,NA,NA,NA,NA,NA,NA,NA,NA,NA,NA,NA,NA,NA,NA,NA,NA,NA,NA,NA,NA,NA,NA,NA,NA,NA,NA,NA,NA,NA,NA,NA,NA,NA,NA,NA,NA,NA,NA,NA,NA,NA,NA,NA,NA,NA,NA,NA,NA,NA,NA,NA,NA,NA,NA,NA,NA,NA,NA,NA
"EWF-XA1N",NA,NA,NA,NA,NA,NA,NA,NA,NA,NA,NA,NA,NA,NA,NA,NA,NA,NA,NA,NA,NA,NA,NA,NA,19.1667,NA,41.9,NA,NA,43.7,NA,NA,NA,NA,NA,NA,NA,26.5,NA,26.5333,NA,NA,NA,NA,NA,NA,NA,NA,NA,NA,NA,NA,NA,NA,NA,NA,NA,NA,NA,NA,NA,NA,NA,NA,NA,NA,NA,NA,NA,NA,NA,35.652,NA,46.828,NA,47.336,NA,NA,48.5552,NA,47.844,NA,49.5712,NA,47.7424,NA,NA,51.0952,NA,48.352,NA,48.4367,NA,NA,NA,NA,26.3048,NA,NA,NA,NA,NA,NA,NA,NA,NA,NA,NA,NA,NA,NA,NA,NA,NA,NA,NA,NA,NA,NA,NA,NA,NA,NA,13.4,NA,26.2,NA,41.34,NA,48.05,NA,47.23,NA,47.13,NA,49.27,NA,47.03,NA,50.59,NA,46.02,NA,46.22,NA,NA,29.45,NA,22.95,NA,NA,NA,NA,NA,NA,NA
"EWR-1",NA,NA,NA,NA,NA,NA,NA,NA,NA,NA,NA,NA,NA,NA,NA,NA,NA,NA,NA,NA,NA,-17.5915,NA,NA,-10.6581,NA,-1.9248,NA,NA,17.6752,NA,20.2419,NA,21.5752,NA,21.4752,NA,18.2419,NA,16.2085,NA,NA,NA,NA,NA,NA,NA,NA,NA,NA,NA,NA,NA,NA,NA,NA,NA,NA,NA,NA,NA,NA,NA,NA,NA,NA,NA,NA,NA,NA,NA,17.1696,NA,22.656,NA,24.688,NA,NA,25.196,NA,26.1104,NA,26.3136,NA,25.0944,NA,NA,26.6184,NA,24.7896,NA,22.9608,NA,NA,NA,NA,2.4376,NA,NA,NA,NA,NA,NA,NA,NA,NA,NA,NA,NA,NA,NA,NA,NA,NA,NA,NA,NA,NA,NA,NA,NA,NA,NA,-8.505,NA,8.265,NA,15.375,NA,20.655,NA,24.215,NA,25.335,NA,NA,NA,26.555,NA,26.045,NA,24.115,NA,23.195,NA,NA,18.625,NA,14.965,NA,NA,NA,NA,NA,NA,NA
"EWR-XB3N",NA,NA,NA,NA,NA,NA,NA,NA,NA,NA,NA,NA,NA,NA,NA,NA,NA,NA,NA,NA,NA,NA,NA,NA,NA,NA,28.3,NA,NA,NA,NA,NA,NA,NA,NA,34.2,NA,NA,NA,NA,NA,NA,NA,NA,NA,NA,NA,NA,NA,NA,NA,NA,NA,NA,NA,NA,NA,NA,NA,NA,NA,NA,NA,NA,NA,NA,NA,NA,NA,NA,NA,23.5568,NA,31.888,NA,35.2408,NA,NA,36.0536,NA,66.7368,NA,68.1592,NA,62.4696,NA,NA,66.5336,NA,NA,NA,35.8367,NA,NA,NA,NA,30.872,NA,NA,NA,NA,NA,NA,NA,NA,NA,NA,NA,NA,NA,NA,NA,NA,NA,NA,NA,NA,NA,NA,NA,NA,NA,NA,11.995,NA,18.895,NA,28.145,NA,32.615,NA,39.525,NA,47.145,NA,45.625,NA,47.755,NA,40.745,NA,29.775,NA,28.555,NA,NA,23.375,NA,20.015,NA,NA,NA,NA,NA,NA,NA
"EWR-XB4N",NA,NA,NA,NA,NA,NA,NA,NA,NA,NA,NA,NA,NA,NA,NA,NA,NA,NA,NA,NA,NA,NA,NA,NA,NA,NA,26.6333,NA,NA,NA,NA,NA,NA,NA,NA,36.2,NA,NA,NA,NA,NA,NA,NA,NA,NA,NA,NA,NA,NA,NA,NA,NA,NA,NA,NA,NA,NA,NA,NA,NA,NA,NA,NA,NA,NA,NA,NA,NA,NA,NA,NA,25.8944,NA,34.4288,NA,38.188,NA,NA,39.6104,NA,44.792,NA,49.5672,NA,47.2304,NA,NA,50.2784,NA,NA,NA,40.6367,NA,NA,NA,NA,11.1624,NA,NA,NA,NA,NA,NA,NA,NA,NA,NA,NA,NA,NA,NA,NA,NA,NA,NA,NA,NA,NA,NA,NA,NA,NA,NA,2.87,NA,16.89,NA,30.61,NA,37.72,NA,41.78,NA,43.41,NA,43.71,NA,44.93,NA,43.21,NA,39.45,NA,37.92,NA,NA,33.35,NA,28.47,NA,NA,NA,NA,NA,NA,NA
"EWT-1",NA,NA,NA,NA,NA,NA,NA,NA,NA,NA,NA,NA,NA,NA,NA,NA,NA,NA,NA,NA,NA,-35.4063,NA,NA,NA,NA,76.602,NA,NA,93.527,NA,NA,NA,NA,NA,NA,NA,73.7937,NA,59.627,NA,NA,NA,NA,NA,NA,NA,NA,NA,NA,NA,NA,NA,NA,NA,NA,NA,NA,NA,NA,NA,NA,NA,NA,NA,NA,NA,NA,NA,NA,NA,78.2566,NA,92.1758,NA,93.903,NA,NA,NA,134.0104,133.4168,NA,142.764,NA,145.812,NA,NA,143.3736,NA,124.476,NA,113.27,NA,NA,NA,NA,11.0904,NA,NA,NA,NA,NA,NA,NA,NA,NA,NA,NA,NA,NA,NA,NA,NA,NA,NA,NA,NA,NA,NA,NA,NA,NA,NA,7.24,NA,69.22,NA,91.98,NA,105.08,NA,122.46,NA,122.76,NA,120.73,NA,121.85,NA,110.57,NA,100.21,NA,86.8,NA,NA,70.95,NA,65.46,NA,NA,NA,NA,NA,NA,NA
"KEF-1",NA,NA,NA,NA,NA,NA,NA,NA,NA,NA,NA,NA,NA,NA,NA,NA,NA,NA,NA,NA,NA,NA,0.3333,NA,7.2,NA,2.5,NA,NA,NA,NA,NA,NA,NA,NA,9.4667,NA,NA,NA,NA,NA,6.6333,NA,NA,NA,NA,NA,NA,NA,NA,NA,NA,NA,NA,NA,NA,NA,NA,NA,NA,NA,NA,NA,NA,NA,NA,NA,NA,NA,NA,NA,NA,NA,2.3368,NA,3.556,NA,2.54,NA,NA,3.7592,NA,6.9088,NA,6.5024,NA,NA,5.8928,NA,4.9784,NA,5.4367,NA,NA,NA,NA,1.016,NA,NA,NA,NA,NA,NA,NA,NA,NA,NA,NA,NA,NA,NA,NA,NA,NA,NA,NA,NA,NA,NA,NA,NA,NA,NA,5.41,NA,6.84,NA,8.26,NA,10.7,NA,17,NA,20.25,NA,17.81,NA,16.28,NA,13.24,NA,12.63,NA,11.41,NA,NA,11.1,NA,11.41,NA,NA,NA,NA,NA,NA,NA
"KER-1",NA,NA,NA,NA,NA,NA,NA,NA,NA,NA,NA,NA,NA,NA,NA,NA,NA,NA,NA,NA,NA,NA,-4.6,NA,2.325,NA,11.3583,NA,NA,13.9583,15.0917,NA,NA,26.025,NA,43.825,NA,27.3917,NA,20.4917,NA,18.4917,NA,NA,NA,NA,NA,NA,NA,NA,NA,NA,NA,NA,NA,NA,NA,NA,NA,NA,NA,NA,NA,NA,NA,NA,NA,NA,NA,NA,NA,NA,NA,27.201,NA,74.445,NA,74.7498,NA,NA,74.8514,NA,NA,NA,NA,NA,NA,NA,NA,NA,NA,NA,NA,NA,NA,NA,21.613,NA,NA,NA,NA,NA,NA,NA,NA,NA,NA,NA,NA,NA,NA,NA,NA,NA,NA,NA,NA,NA,NA,NA,NA,NA,NA,0.585,NA,5.965,NA,13.685,NA,33.805,NA,65.505,NA,74.245,NA,NA,NA,NA,NA,NA,NA,NA,NA,NA,NA,NA,NA,NA,NA,NA,NA,NA,NA,NA,NA,NA
"KER-XD5N",NA,NA,NA,NA,NA,NA,NA,NA,NA,NA,NA,NA,NA,NA,NA,NA,NA,NA,NA,NA,NA,NA,-0.55,NA,-0.7167,NA,7.85,NA,NA,25.05,NA,NA,NA,NA,NA,NA,NA,NA,NA,NA,NA,12.7167,NA,NA,NA,NA,NA,NA,NA,NA,NA,NA,NA,NA,NA,NA,NA,NA,NA,NA,NA,NA,NA,NA,NA,NA,NA,NA,NA,NA,NA,NA,NA,21.1332,NA,41.8596,NA,67.158,NA,NA,85.446,NA,91.542,NA,113.7924,NA,NA,115.0116,NA,114.7068,NA,110.9533,NA,NA,NA,NA,10.77,NA,NA,NA,NA,NA,NA,NA,NA,NA,NA,NA,NA,NA,NA,NA,NA,NA,NA,NA,NA,NA,NA,NA,NA,NA,NA,0.1,NA,0.41,NA,13.82,NA,28.55,NA,48.87,NA,65.94,NA,82.6,NA,85.45,NA,85.45,NA,80.57,NA,83.92,NA,NA,74.17,NA,69.6,NA,NA,NA,NA,NA,NA,NA
"KER-XE3S",NA,NA,NA,NA,NA,NA,NA,NA,NA,NA,NA,NA,NA,NA,NA,NA,NA,NA,NA,NA,NA,NA,-6.6667,NA,-5.2667,NA,-3.1667,NA,NA,-3.3333,-3.8333,NA,NA,-4.3333,NA,-5.6667,NA,NA,NA,-10.1667,NA,-5.4,NA,NA,NA,NA,NA,NA,NA,NA,NA,NA,NA,NA,NA,NA,NA,NA,NA,NA,NA,NA,NA,NA,NA,NA,NA,NA,NA,NA,NA,NA,NA,-5.588,NA,-6.6333,NA,-7.559,NA,NA,-6.3,NA,-8,NA,-5.6667,NA,NA,-8.3333,NA,-7.1667,NA,-7.3667,NA,NA,NA,NA,-6.2,NA,NA,NA,NA,NA,NA,NA,NA,NA,NA,NA,NA,NA,NA,NA,NA,NA,NA,NA,NA,NA,NA,NA,NA,NA,NA,-8.17,NA,-5.1,NA,-4.33,NA,-12.17,NA,-3.73,NA,-4,NA,-4.5,NA,-3.17,NA,-3.57,NA,-5.67,NA,-3.17,NA,NA,-4.5,NA,NA,NA,NA,NA,NA,NA,NA,NA
"KET-1",NA,NA,NA,NA,NA,NA,NA,NA,NA,NA,NA,NA,NA,NA,NA,NA,NA,NA,NA,NA,NA,NA,NA,NA,NA,NA,NA,NA,NA,-19.125,-14.125,-14.175,NA,-10.825,NA,-7.3917,NA,NA,NA,NA,NA,-3.4917,NA,NA,NA,NA,NA,NA,NA,NA,NA,NA,NA,NA,NA,NA,NA,NA,NA,NA,NA,NA,NA,NA,NA,NA,NA,NA,NA,NA,NA,NA,NA,4.0198,NA,3.4102,NA,4.223,NA,NA,16.8214,NA,30.2326,NA,38.1574,NA,NA,34.195,NA,29.0134,NA,28.7117,NA,NA,NA,NA,1.9878,NA,NA,NA,NA,NA,NA,NA,NA,NA,NA,NA,NA,NA,NA,NA,NA,NA,NA,NA,NA,NA,NA,NA,NA,NA,NA,-19.75,NA,-15.82,NA,-5.5,NA,11.27,NA,15.13,NA,15.74,NA,18.08,NA,21.12,NA,21.73,NA,23.05,NA,20.31,NA,NA,20.01,NA,16.96,NA,NA,NA,NA,NA,NA,NA
"KFF-XD6S",NA,NA,NA,NA,NA,NA,NA,NA,NA,NA,NA,NA,NA,NA,NA,NA,NA,NA,NA,NA,NA,NA,5.7,NA,6.8666,NA,22.7666,NA,NA,82.1333,NA,NA,NA,NA,NA,NA,NA,NA,NA,NA,NA,NA,NA,NA,NA,NA,NA,NA,NA,NA,NA,NA,NA,NA,NA,NA,NA,NA,NA,NA,NA,NA,NA,NA,NA,NA,NA,NA,NA,NA,NA,NA,NA,33.3533,NA,84.0517,NA,NA,NA,NA,NA,NA,NA,NA,NA,NA,NA,NA,NA,NA,NA,NA,NA,NA,NA,NA,31.7277,NA,NA,NA,NA,NA,NA,NA,NA,NA,NA,NA,NA,NA,NA,NA,NA,NA,NA,NA,NA,NA,NA,NA,NA,NA,NA,10.19,NA,19.95,NA,39.45,NA,88.63,NA,107.73,NA,NA,NA,NA,NA,NA,NA,NA,NA,NA,NA,NA,NA,NA,NA,NA,28.48,NA,NA,NA,NA,NA,NA,NA
"KFR-XE1S",NA,NA,NA,NA,NA,NA,NA,NA,NA,NA,NA,NA,NA,NA,NA,NA,NA,NA,NA,NA,NA,NA,NA,NA,18.35,NA,46.1167,NA,NA,56.0833,58.85,58.25,NA,62.5167,NA,63.05,NA,60.0833,NA,57.6833,NA,57.45,NA,NA,NA,NA,NA,NA,NA,NA,NA,NA,NA,NA,NA,NA,NA,NA,NA,NA,NA,NA,NA,NA,NA,NA,NA,NA,NA,NA,NA,NA,NA,61.318,NA,63.4516,NA,63.35,NA,NA,66.398,NA,66.1948,NA,64.7724,NA,NA,64.7724,NA,63.1468,NA,57.3533,NA,NA,NA,NA,56.746,NA,NA,NA,NA,NA,NA,NA,NA,NA,NA,NA,NA,NA,NA,NA,NA,NA,NA,NA,NA,NA,NA,NA,NA,NA,NA,21.675,NA,34.675,NA,44.335,NA,49.205,NA,53.575,NA,56.315,NA,58.755,NA,59.675,NA,59.465,NA,57.235,NA,58.145,NA,NA,55.205,NA,53.275,NA,NA,NA,NA,NA,NA,NA
"KFR-XE2S",NA,NA,NA,NA,NA,NA,NA,NA,NA,NA,NA,NA,NA,NA,NA,NA,NA,NA,NA,NA,NA,NA,NA,NA,-2.9667,NA,2.9333,NA,NA,4.1333,6.5667,NA,NA,7.6333,NA,7.3667,NA,7.3333,NA,7.2333,NA,7.2333,NA,NA,NA,NA,NA,NA,NA,NA,NA,NA,NA,NA,NA,NA,NA,NA,NA,NA,NA,NA,NA,NA,NA,NA,NA,NA,NA,NA,NA,NA,NA,2.5048,NA,2.4032,NA,3.4192,NA,NA,2.4032,NA,0.7776,NA,1.0824,NA,NA,-0.34,NA,0.2696,NA,-0.43,NA,NA,NA,NA,-0.6448,NA,NA,NA,NA,NA,NA,NA,NA,NA,NA,NA,NA,NA,NA,NA,NA,NA,NA,NA,NA,NA,NA,NA,NA,NA,NA,-2.47,NA,-1.25,NA,-0.95,NA,0.17,NA,-0.95,NA,-0.34,NA,-0.64,NA,-0.54,NA,-0.95,NA,-1.05,NA,0,NA,NA,-0.44,NA,-0.95,NA,NA,NA,NA,NA,NA,NA
"KFT-XD3S",NA,NA,NA,NA,NA,NA,NA,NA,NA,NA,NA,NA,NA,NA,NA,NA,NA,NA,NA,NA,NA,NA,NA,NA,19.52,NA,64.0867,NA,NA,NA,NA,NA,NA,NA,NA,NA,NA,NA,NA,NA,NA,NA,NA,NA,NA,NA,NA,NA,NA,NA,NA,NA,NA,NA,NA,NA,NA,NA,NA,NA,NA,NA,NA,NA,NA,NA,NA,NA,NA,NA,NA,NA,NA,63.0936,NA,NA,NA,NA,NA,NA,NA,NA,NA,NA,NA,NA,NA,NA,NA,NA,NA,NA,NA,NA,NA,NA,24.9936,NA,NA,NA,NA,NA,NA,NA,NA,NA,NA,NA,NA,NA,NA,NA,NA,NA,NA,NA,NA,NA,NA,NA,NA,NA,NA,87.93,NA,48.61,NA,NA,NA,NA,NA,NA,NA,NA,NA,NA,NA,NA,NA,NA,NA,NA,NA,59.89,NA,NA,NA,NA,NA,NA,NA,NA,NA,NA,NA,NA
"KHF-1",NA,NA,NA,NA,NA,NA,NA,NA,NA,NA,NA,NA,NA,NA,NA,NA,NA,NA,NA,NA,NA,NA,0.75,NA,-17.05,NA,26.2833,NA,NA,NA,NA,NA,NA,NA,NA,NA,NA,NA,NA,43.55,NA,36.2833,NA,NA,NA,NA,NA,NA,NA,NA,NA,NA,NA,NA,NA,NA,NA,NA,NA,NA,NA,NA,NA,NA,NA,NA,NA,NA,NA,NA,NA,NA,NA,47.4692,NA,67.2812,NA,59.436,NA,NA,72.8328,NA,113.676,NA,84.212,NA,NA,88.3776,NA,59.1168,NA,54.1367,NA,NA,NA,NA,4.8624,NA,NA,NA,NA,NA,NA,NA,NA,NA,NA,NA,NA,NA,NA,NA,NA,NA,NA,NA,NA,NA,NA,NA,NA,NA,NA,1.2,NA,8.01,NA,28.64,NA,47.03,NA,57.9,NA,60.03,NA,61.66,NA,63.38,NA,54.85,NA,34.43,NA,29.86,NA,NA,15.94,NA,13.7,NA,NA,NA,NA,NA,NA,NA
"KHF-XD4S",NA,NA,NA,NA,NA,NA,NA,NA,NA,NA,NA,NA,NA,NA,NA,NA,NA,NA,NA,NA,NA,NA,14.4417,NA,14.7083,NA,75.375,NA,NA,NA,NA,NA,NA,NA,NA,NA,NA,NA,NA,NA,NA,NA,NA,NA,NA,NA,NA,NA,NA,NA,NA,NA,NA,NA,NA,NA,NA,NA,NA,NA,NA,NA,NA,NA,NA,NA,NA,NA,NA,NA,NA,NA,NA,70.535,NA,87.299,NA,NA,NA,NA,NA,NA,NA,NA,NA,NA,NA,NA,NA,NA,NA,NA,NA,NA,NA,NA,21.0558,NA,NA,NA,NA,NA,NA,NA,NA,NA,NA,NA,NA,NA,NA,NA,NA,NA,NA,NA,NA,NA,NA,NA,NA,NA,NA,14.165,NA,43.225,NA,85.695,NA,84.985,NA,85.485,NA,NA,NA,NA,NA,NA,NA,NA,NA,NA,NA,NA,NA,NA,NA,NA,85.995,NA,NA,NA,NA,NA,NA,NA
"KHF-XE7S",NA,NA,NA,NA,NA,NA,NA,NA,NA,NA,NA,NA,NA,NA,NA,NA,NA,NA,NA,NA,NA,NA,NA,NA,NA,NA,NA,NA,NA,NA,NA,NA,NA,NA,NA,NA,NA,NA,NA,NA,NA,NA,NA,NA,NA,NA,NA,NA,NA,NA,NA,NA,NA,NA,NA,NA,NA,NA,NA,NA,NA,NA,NA,NA,NA,NA,NA,NA,NA,NA,NA,NA,NA,NA,NA,NA,NA,NA,NA,NA,NA,NA,NA,NA,NA,NA,NA,NA,NA,NA,NA,NA,NA,NA,NA,NA,NA,NA,NA,NA,NA,NA,NA,NA,NA,NA,NA,NA,NA,NA,NA,NA,NA,NA,NA,NA,NA,NA,NA,NA,NA,NA,NA,NA,NA,NA,NA,NA,NA,NA,NA,NA,NA,NA,NA,NA,NA,NA,NA,NA,NA,NA,NA,NA,NA,NA,NA,NA,NA,NA,NA,NA,NA,NA,NA,NA
"KHR-1",NA,NA,NA,NA,NA,NA,NA,NA,NA,NA,NA,NA,NA,NA,NA,NA,NA,NA,NA,NA,NA,NA,NA,NA,NA,NA,16.225,NA,NA,32.1583,36.4583,NA,NA,38.6583,NA,46.3917,NA,NA,NA,17.025,NA,14.8917,NA,NA,NA,NA,NA,NA,NA,NA,NA,NA,NA,NA,NA,NA,NA,NA,NA,NA,NA,NA,NA,NA,NA,NA,NA,NA,NA,NA,NA,NA,NA,35.6058,NA,90.673,NA,74.5186,NA,NA,92.705,NA,93.1114,NA,93.6194,NA,NA,92.5018,NA,93.6194,NA,NA,NA,NA,NA,NA,11.2218,NA,NA,NA,NA,NA,NA,NA,NA,NA,NA,NA,NA,NA,NA,NA,NA,NA,NA,NA,NA,NA,NA,NA,NA,NA,NA,7.365,NA,9.395,NA,19.855,NA,32.865,NA,50.645,NA,65.065,NA,83.155,NA,93.615,NA,NA,NA,93.925,NA,93.615,NA,NA,94.225,NA,89.655,NA,NA,NA,NA,NA,NA,NA
"KHR-XD1N",NA,NA,NA,NA,NA,NA,NA,NA,NA,NA,NA,NA,NA,NA,NA,NA,NA,NA,NA,NA,NA,NA,-11,NA,-9.9,NA,29.7667,NA,NA,NA,NA,NA,NA,NA,NA,NA,NA,NA,NA,NA,NA,46.6,NA,NA,NA,NA,NA,NA,NA,NA,NA,NA,NA,NA,NA,NA,NA,NA,NA,NA,NA,NA,NA,NA,NA,NA,NA,NA,NA,NA,NA,NA,NA,54.132,NA,51.3888,NA,51.8968,NA,NA,52.9128,NA,52.9128,NA,53.116,NA,NA,53.116,NA,52.2016,NA,50.9367,NA,NA,NA,NA,43.8704,NA,NA,NA,NA,NA,NA,NA,NA,NA,NA,NA,NA,NA,NA,NA,NA,NA,NA,NA,NA,NA,NA,NA,NA,NA,NA,-5.555,NA,17.805,NA,32.645,NA,40.975,NA,46.255,NA,48.695,NA,50.115,NA,50.825,NA,51.135,NA,51.035,NA,50.725,NA,NA,50.925,NA,49.815,NA,NA,NA,NA,NA,NA,NA
"KHR-XD1S",NA,NA,NA,NA,NA,NA,NA,NA,NA,NA,NA,NA,NA,NA,NA,NA,NA,NA,NA,NA,NA,NA,NA,NA,NA,NA,35.0167,NA,NA,NA,NA,NA,NA,NA,NA,NA,NA,NA,NA,NA,NA,49.45,NA,NA,NA,NA,NA,NA,NA,NA,NA,NA,NA,NA,NA,NA,NA,NA,NA,NA,NA,NA,NA,NA,NA,NA,NA,NA,NA,NA,NA,NA,NA,51.9212,NA,52.6324,NA,53.3436,NA,NA,54.4612,NA,54.766,NA,55.0708,NA,NA,54.766,NA,53.5468,NA,51.7867,NA,NA,NA,NA,44.7076,NA,NA,NA,NA,NA,NA,NA,NA,NA,NA,NA,NA,NA,NA,NA,NA,NA,NA,NA,NA,NA,NA,NA,NA,NA,NA,NA,NA,NA,NA,NA,NA,43.97,NA,49.05,NA,51.59,NA,51.39,NA,51.59,NA,51.08,NA,50.17,NA,NA,NA,NA,50.37,NA,48.54,NA,NA,NA,NA,NA,NA,NA
"KHR-XD2N",NA,NA,NA,NA,NA,NA,NA,NA,NA,NA,NA,NA,NA,NA,NA,NA,NA,NA,NA,NA,NA,NA,NA,NA,NA,NA,NA,NA,NA,NA,NA,NA,NA,NA,NA,-17.4825,NA,NA,NA,NA,NA,NA,NA,NA,NA,NA,NA,NA,NA,NA,NA,NA,NA,NA,NA,NA,NA,NA,NA,NA,NA,NA,NA,NA,NA,NA,NA,NA,NA,NA,NA,NA,NA,NA,NA,NA,NA,NA,NA,NA,NA,NA,NA,NA,NA,NA,NA,NA,NA,NA,NA,NA,NA,NA,NA,NA,NA,NA,NA,NA,NA,NA,NA,NA,NA,NA,NA,NA,NA,NA,NA,NA,NA,NA,NA,NA,NA,NA,NA,NA,NA,NA,NA,NA,NA,NA,NA,NA,NA,NA,NA,NA,NA,NA,NA,NA,NA,NA,NA,NA,NA,NA,NA,NA,NA,NA,NA,NA,NA,NA,NA,NA,NA,NA,NA,NA
"KHR-XE2N",NA,NA,NA,NA,NA,NA,NA,NA,NA,NA,NA,NA,NA,NA,NA,NA,NA,NA,NA,NA,NA,NA,NA,NA,NA,NA,NA,NA,NA,NA,NA,NA,NA,NA,NA,NA,NA,NA,NA,NA,NA,NA,NA,NA,NA,NA,NA,NA,NA,NA,NA,NA,NA,NA,NA,NA,NA,NA,NA,NA,NA,NA,NA,NA,NA,NA,NA,NA,NA,NA,NA,NA,NA,NA,NA,NA,NA,NA,NA,NA,NA,NA,NA,NA,NA,NA,NA,NA,NA,NA,NA,NA,NA,NA,NA,NA,NA,NA,NA,NA,NA,NA,NA,NA,NA,NA,NA,NA,NA,NA,NA,NA,NA,NA,NA,NA,NA,NA,NA,NA,NA,NA,NA,NA,NA,NA,NA,NA,NA,NA,NA,NA,NA,NA,NA,NA,NA,NA,NA,NA,NA,NA,NA,NA,NA,NA,NA,NA,NA,NA,NA,NA,NA,NA,NA,NA
"KHT-XD6N",NA,NA,NA,NA,NA,NA,NA,NA,NA,NA,NA,NA,NA,NA,NA,NA,NA,NA,NA,NA,NA,NA,-1.9783,NA,7.955,NA,56.455,NA,NA,95.6217,NA,NA,NA,NA,NA,NA,NA,NA,NA,NA,NA,NA,NA,NA,NA,NA,NA,NA,NA,NA,NA,NA,NA,NA,NA,NA,NA,NA,NA,NA,NA,NA,NA,NA,NA,NA,NA,NA,NA,NA,NA,NA,NA,85.1001,NA,76.816,NA,141.2304,NA,NA,179.94,NA,192.5384,NA,192.8432,NA,NA,193.7576,NA,194.672,NA,189.0367,NA,NA,NA,NA,19.3104,NA,NA,NA,NA,NA,NA,NA,NA,NA,NA,NA,NA,NA,NA,NA,NA,NA,NA,NA,NA,NA,NA,NA,NA,NA,NA,1.02,NA,26.73,NA,63.3,NA,94.09,NA,121.32,NA,146.51,NA,176.99,NA,188.58,NA,188.78,NA,189.49,NA,188.88,NA,NA,NA,NA,190,NA,NA,NA,NA,NA,NA,NA
"KHT-XE4S",NA,NA,NA,NA,NA,NA,NA,NA,NA,NA,NA,NA,NA,NA,NA,NA,NA,NA,NA,NA,NA,NA,-2.3625,NA,-1.6625,NA,3.0375,NA,NA,43.7708,54.8375,NA,NA,63.7042,NA,62.8375,NA,42.5708,NA,35.2042,NA,31.6375,NA,NA,NA,NA,NA,NA,NA,NA,NA,NA,NA,NA,NA,NA,NA,NA,NA,NA,NA,NA,NA,NA,NA,NA,NA,NA,NA,NA,NA,NA,NA,30.1063,NA,55.2015,NA,65.8695,NA,NA,65.8695,NA,66.7839,NA,NA,NA,NA,67.3935,NA,NA,NA,54.4742,NA,NA,NA,NA,4.5031,NA,NA,NA,NA,NA,NA,NA,NA,NA,NA,NA,NA,NA,NA,NA,NA,NA,NA,NA,NA,NA,NA,NA,NA,NA,NA,-1.56,NA,0.67,NA,13.27,NA,41.31,NA,65.29,NA,68.14,NA,68.64,NA,NA,NA,66.41,NA,48.12,NA,40.5,NA,NA,36.03,NA,33.69,NA,NA,NA,NA,NA,NA,NA
"KHT-XE5S",NA,NA,NA,NA,NA,NA,NA,NA,NA,NA,NA,NA,NA,NA,NA,NA,NA,NA,NA,NA,NA,NA,1.5758,NA,2.6092,NA,16.6758,NA,NA,NA,NA,NA,NA,NA,NA,90.9092,NA,NA,NA,NA,NA,70.1425,NA,NA,NA,NA,NA,NA,NA,NA,NA,NA,NA,NA,NA,NA,NA,NA,NA,NA,NA,NA,NA,NA,NA,NA,NA,NA,NA,NA,NA,NA,NA,55.1073,NA,87.6193,NA,91.8865,NA,NA,NA,NA,89.1699,NA,88.8651,NA,NA,85.1059,NA,59.7059,NA,56.8242,NA,NA,NA,NA,NA,NA,NA,NA,NA,NA,NA,NA,NA,NA,NA,NA,NA,NA,NA,NA,NA,NA,NA,NA,NA,NA,NA,NA,NA,NA,NA,-19.7125,NA,-14.1825,NA,9.2075,NA,31.8675,NA,48.6275,NA,55.0275,NA,57.3675,NA,60.1075,NA,58.0775,NA,52.8975,NA,51.8875,NA,NA,47.3075,NA,39.1875,NA,NA,NA,NA,NA,NA,NA
"KHT-XE6S",NA,NA,NA,NA,NA,NA,NA,NA,NA,NA,NA,NA,NA,NA,NA,NA,NA,NA,NA,NA,NA,NA,-1.8566,NA,-0.2233,NA,4.5434,NA,NA,65.9434,87.4767,NA,NA,NA,NA,NA,NA,NA,NA,NA,NA,NA,NA,NA,NA,NA,NA,NA,NA,NA,NA,NA,NA,NA,NA,NA,NA,NA,NA,NA,NA,NA,NA,NA,NA,NA,NA,NA,NA,NA,NA,NA,NA,39.7583,NA,80.0935,NA,138.8183,NA,NA,NA,NA,83.7687,NA,86.5119,NA,NA,88.3407,NA,63.3471,NA,55.7742,NA,NA,NA,NA,-4.5217,NA,NA,NA,NA,NA,NA,NA,NA,NA,NA,NA,NA,NA,NA,NA,NA,NA,NA,NA,NA,NA,NA,NA,NA,NA,NA,-30.5625,NA,-27.3625,NA,-11.1225,NA,13.3575,NA,34.8975,NA,44.1475,NA,49.3275,NA,54.5075,NA,53.0875,NA,46.9875,NA,47.1975,NA,NA,39.8775,NA,31.5475,NA,NA,NA,NA,NA,NA,NA
"KWF-1",NA,NA,NA,NA,NA,NA,NA,NA,NA,NA,NA,NA,NA,NA,NA,NA,NA,NA,NA,NA,NA,NA,NA,NA,-0.8333,NA,16.2,NA,NA,35.8,56,NA,NA,70.4333,NA,73.6,NA,45.0333,NA,28.2,NA,21.8,NA,NA,NA,NA,NA,NA,NA,NA,NA,NA,NA,NA,NA,NA,NA,NA,NA,NA,NA,NA,NA,NA,NA,NA,NA,NA,NA,NA,NA,NA,NA,10.9672,NA,15.844,NA,31.1856,NA,NA,75.28,NA,76.296,NA,77.7184,NA,NA,76.1944,NA,18.892,NA,22.4367,NA,NA,NA,NA,1.2136,NA,NA,NA,NA,NA,NA,NA,NA,NA,NA,NA,NA,NA,NA,NA,NA,NA,NA,NA,NA,NA,NA,NA,NA,NA,NA,-2.435,NA,-0.705,NA,0.505,NA,0.205,NA,1.425,NA,2.035,NA,4.775,NA,3.155,NA,5.385,NA,3.865,NA,3.255,NA,NA,3.255,NA,0.815,NA,NA,NA,NA,NA,NA,NA
"KWF-XE8S",NA,NA,NA,NA,NA,NA,NA,NA,NA,NA,NA,NA,NA,NA,NA,NA,NA,NA,NA,NA,NA,NA,NA,NA,1.3512,NA,15.6846,NA,NA,44.6512,NA,NA,NA,NA,NA,NA,NA,NA,NA,NA,NA,NA,NA,NA,NA,NA,NA,NA,NA,NA,NA,NA,NA,NA,NA,NA,NA,NA,NA,NA,NA,NA,NA,NA,NA,NA,NA,NA,NA,NA,NA,NA,NA,44.196,NA,84.495,NA,105.831,NA,NA,105.2214,NA,NA,NA,NA,NA,NA,NA,NA,NA,NA,NA,NA,NA,NA,NA,16.7278,NA,NA,NA,NA,NA,NA,NA,NA,NA,NA,NA,NA,NA,NA,NA,NA,NA,NA,NA,NA,NA,NA,NA,NA,NA,NA,-0.745,NA,1.895,NA,21.505,NA,47.815,NA,94.955,NA,106.235,NA,NA,NA,NA,NA,NA,NA,NA,NA,NA,NA,NA,NA,NA,105.835,NA,NA,NA,NA,NA,NA,NA
"KWR-1",NA,NA,NA,NA,NA,NA,NA,NA,NA,NA,NA,NA,NA,NA,NA,NA,NA,NA,NA,NA,NA,NA,NA,NA,-8.05,NA,5.1167,NA,NA,22.1833,24.2167,NA,NA,28.5833,NA,30.25,NA,29.5167,NA,28.95,NA,30.15,NA,NA,NA,NA,NA,NA,NA,NA,NA,NA,NA,NA,NA,NA,NA,NA,NA,NA,NA,NA,NA,NA,NA,NA,NA,NA,NA,NA,NA,NA,NA,NA,NA,34.257,NA,34.257,NA,NA,34.257,NA,35.1714,NA,34.0538,NA,NA,34.8666,NA,34.8666,NA,33.4617,NA,NA,NA,NA,16.5786,NA,NA,NA,NA,NA,NA,NA,NA,NA,NA,NA,NA,NA,NA,NA,NA,NA,NA,NA,NA,NA,NA,NA,NA,NA,NA,-9.995,NA,-0.635,NA,13.685,NA,24.055,NA,31.165,NA,34.415,NA,NA,NA,36.545,NA,36.855,NA,36.245,NA,36.245,NA,NA,35.125,NA,34.715,NA,NA,NA,NA,NA,NA,NA
"KWR-XE1N",NA,NA,NA,NA,NA,NA,NA,NA,NA,NA,NA,NA,NA,NA,NA,NA,NA,NA,NA,NA,NA,NA,NA,NA,-6.85,NA,22.1167,NA,NA,38.0167,41.5833,NA,NA,44.8167,NA,46.05,NA,45.4833,NA,45.7167,NA,46.6167,NA,NA,NA,NA,NA,NA,NA,NA,NA,NA,NA,NA,NA,NA,NA,NA,NA,NA,NA,NA,NA,NA,NA,NA,NA,NA,NA,NA,NA,NA,NA,46.9892,NA,50.342,NA,50.7484,NA,NA,51.7644,NA,51.6628,NA,52.0692,NA,NA,51.4596,NA,50.4436,NA,48.2867,NA,NA,NA,NA,37.9468,NA,NA,NA,NA,NA,NA,NA,NA,NA,NA,NA,NA,NA,NA,NA,NA,NA,NA,NA,NA,NA,NA,NA,NA,NA,NA,NA,NA,16.51,NA,31.34,NA,40.18,NA,44.96,NA,47.8,NA,48.72,NA,49.02,NA,49.83,NA,49.83,NA,49.43,NA,NA,48.21,NA,44.75,NA,NA,NA,NA,NA,NA,NA
"KWT-1",NA,NA,NA,NA,NA,NA,NA,NA,NA,NA,NA,NA,NA,NA,NA,NA,NA,NA,NA,NA,NA,NA,0.0667,NA,1.7,NA,5.1333,NA,NA,NA,NA,NA,NA,NA,NA,77.3667,NA,NA,NA,NA,NA,9.1333,NA,NA,NA,NA,NA,NA,NA,NA,NA,NA,NA,NA,NA,NA,NA,NA,NA,NA,NA,NA,NA,NA,NA,NA,NA,NA,NA,NA,NA,NA,NA,50.7752,NA,74.3,NA,125.9128,NA,NA,134.0408,NA,166.3496,NA,NA,NA,NA,NA,NA,NA,NA,NA,NA,NA,NA,NA,19.5312,NA,NA,NA,NA,NA,NA,NA,NA,NA,NA,NA,NA,NA,NA,NA,NA,NA,NA,NA,NA,NA,NA,NA,NA,NA,NA,NA,NA,3.61,NA,14.91,NA,56.42,NA,84.76,NA,109.96,NA,NA,NA,139.83,NA,140.44,NA,140.14,NA,139.83,NA,NA,73.08,NA,18.75,NA,NA,NA,NA,NA,NA,NA
"LET-1",NA,NA,NA,NA,NA,NA,NA,NA,NA,NA,NA,NA,NA,NA,NA,NA,NA,NA,NA,NA,NA,NA,NA,NA,NA,NA,32.8292,NA,NA,54.8292,NA,67.0625,NA,81.1625,NA,89.7958,NA,64.6625,NA,52.1958,NA,43.9958,NA,NA,NA,NA,NA,NA,NA,NA,NA,NA,NA,NA,NA,NA,NA,NA,NA,NA,NA,NA,NA,NA,NA,NA,NA,NA,NA,NA,NA,32.9281,NA,45.2217,NA,61.4777,NA,78.0385,NA,NA,108.5185,NA,108.5185,NA,NA,NA,NA,110.0425,NA,110.3473,NA,110.3473,NA,NA,NA,NA,17.8913,NA,NA,NA,NA,NA,NA,NA,NA,NA,NA,NA,NA,NA,NA,NA,NA,NA,NA,NA,NA,NA,NA,NA,NA,NA,NA,3.5625,NA,12.8125,NA,34.2525,NA,47.5625,NA,69.2025,NA,82.9125,NA,105.4725,NA,107.6025,NA,107.9125,NA,94.7025,NA,81.6925,NA,NA,64.9325,NA,NA,NA,NA,NA,NA,NA,NA,NA
"LHT-1",NA,NA,NA,NA,NA,NA,NA,NA,NA,NA,NA,NA,NA,NA,NA,NA,NA,NA,NA,NA,NA,NA,NA,NA,NA,NA,38.7333,NA,NA,59.5,NA,72.0333,NA,84.7,NA,89.1,NA,104.6,NA,61.5333,NA,93.0333,NA,NA,NA,NA,NA,NA,NA,NA,NA,NA,NA,NA,NA,NA,NA,NA,NA,NA,NA,NA,NA,NA,NA,NA,NA,NA,NA,NA,NA,38.0296,NA,51.7456,NA,68.3064,NA,84.664,NA,NA,93.4016,NA,92.5888,NA,NA,NA,NA,94.1128,NA,94.4176,NA,98.6848,NA,NA,NA,NA,16.592,NA,NA,NA,NA,NA,NA,NA,NA,NA,NA,NA,NA,NA,NA,NA,NA,NA,NA,NA,NA,NA,NA,NA,NA,NA,NA,6.8425,NA,21.4725,NA,40.8725,NA,59.8725,NA,81.1125,NA,92.7925,NA,96.7525,NA,103.0525,NA,97.3625,NA,97.6725,NA,67.4925,NA,NA,92.2825,NA,NA,NA,NA,NA,NA,NA,NA,NA
"LWT-1",NA,NA,NA,NA,NA,NA,NA,NA,NA,NA,NA,NA,NA,NA,NA,NA,NA,NA,NA,NA,NA,NA,NA,NA,NA,NA,28.3958,NA,NA,51.6625,NA,62.5958,NA,73.0292,NA,78.3958,NA,NA,NA,48.9958,NA,46.4292,NA,NA,NA,NA,NA,NA,NA,NA,NA,NA,NA,NA,NA,NA,NA,NA,NA,NA,NA,NA,NA,NA,NA,NA,NA,NA,NA,NA,NA,37.6113,NA,47.4665,NA,60.1665,NA,64.2305,NA,NA,71.1393,NA,76.3209,NA,NA,NA,NA,81.5025,NA,77.8449,NA,47.3649,NA,NA,NA,NA,28.1625,NA,NA,NA,NA,NA,NA,NA,NA,NA,NA,NA,NA,NA,NA,NA,NA,NA,NA,NA,NA,NA,NA,NA,NA,NA,NA,11.9025,NA,22.2725,NA,38.6225,NA,48.3825,NA,68.0925,NA,70.5325,NA,72.9725,NA,73.8825,NA,73.5825,NA,72.0525,NA,70.8325,NA,NA,58.3425,NA,NA,NA,NA,NA,NA,NA,NA,NA
