Time,Target,Sensor Body,source_file,well_id,target_type,percent_cover,Notes:
7/9/2025 16:59,22.5294,22.2562,Data Log(40).txt,,,,
7/9/2025 16:59,22.4607,22.2407,Data Log(40).txt,,,,
7/9/2025 16:59,21.9232,22.2855,Data Log(41).txt,,,,
7/9/2025 16:59,22.0067,22.2833,Data Log(41).txt,,,,
7/9/2025 16:59,22.0847,22.2808,Data Log(41).txt,,,,
7/9/2025 16:59,22.15,22.2786,Data Log(41).txt,,,,
7/9/2025 16:59,22.2256,22.2771,Data Log(41).txt,,,,
7/9/2025 17:00,22.4632,22.2362,Data Log(40).txt,,,,
7/9/2025 17:00,22.4424,22.2351,Data Log(40).txt,,,,
7/9/2025 17:00,22.4367,22.2348,Data Log(40).txt,,,,
7/9/2025 17:03,22.2768,22.074,Data Log(39).txt,,,,
7/9/2025 17:03,22.2569,22.0717,Data Log(39).txt,,,,
7/9/2025 17:03,22.2784,22.0703,Data Log(39).txt,,,,
7/9/2025 17:03,22.2463,22.0692,Data Log(39).txt,,,,
7/9/2025 17:03,22.2609,22.0678,Data Log(39).txt,,,,
7/11/2025 12:12,26.2523,33.3162,Data Log(38).txt,Patch 1 m of well w/o bare ground,plant,,
7/11/2025 12:12,25.9132,33.31,Data Log(38).txt,Patch 1 m of well w/o bare ground,plant,,
7/11/2025 12:12,25.7241,33.3061,Data Log(38).txt,Patch 1 m of well w/o bare ground,plant,,
7/11/2025 12:12,25.6712,33.3011,Data Log(38).txt,Patch 1 m of well w/o bare ground,plant,,
7/11/2025 12:12,25.7209,33.295,Data Log(38).txt,Patch 1 m of well w/o bare ground,plant,,
7/11/2025 12:25,48.6433,33.1299,Data Log(37).txt,EWR-1,bare ground,,
7/11/2025 12:25,48.7055,33.1308,Data Log(37).txt,EWR-1,bare ground,,
7/11/2025 12:32,23.6338,33.1192,Data Log(37).txt,EWR-1 ,plant,,
7/11/2025 12:32,23.1715,33.1016,Data Log(37).txt,EWR-1 ,plant,,
7/11/2025 12:32,23.1169,33.0942,Data Log(37).txt,EWR-1 ,plant,,
7/11/2025 12:32,22.9749,33.085,Data Log(37).txt,EWR-1 ,plant,,
7/11/2025 12:32,23.0105,33.0811,Data Log(37).txt,EWR-1 ,plant,,
7/11/2025 12:32,23.2402,33.0613,Data Log(37).txt,EWR-1 ,plant,,
7/11/2025 12:32,23.1805,33.0589,Data Log(37).txt,EWR-1 ,plant,,
7/11/2025 12:34,22.8639,32.9502,Data Log(37).txt,EWR-1 ,plant,,
7/11/2025 12:34,23.0805,32.9403,Data Log(37).txt,EWR-1 ,plant,,
7/11/2025 12:34,23.0548,32.9365,Data Log(37).txt,EWR-1 ,plant,,
7/11/2025 12:34,23.0372,32.9339,Data Log(37).txt,EWR-1 ,plant,,
7/11/2025 12:35,23.0049,32.9308,Data Log(37).txt,,,,
7/11/2025 12:43,26.3862,32.9741,Data Log(36).txt,EWT-2,plant,,
7/11/2025 12:43,26.444,32.9753,Data Log(36).txt,EWT-2,plant,,
7/11/2025 12:43,26.3911,32.9761,Data Log(36).txt,EWT-2,plant,,
7/11/2025 12:43,26.2339,32.9763,Data Log(36).txt,EWT-2,plant,,
7/11/2025 12:43,25.9969,32.9759,Data Log(36).txt,EWT-2,plant,,
7/11/2025 12:43,26.1074,32.9685,Data Log(36).txt,EWT-2,plant,,
7/11/2025 12:44,26.2275,32.9717,Data Log(36).txt,EWT-2,plant,,
7/11/2025 12:44,26.3587,32.9734,Data Log(36).txt,EWT-2,plant,,
7/11/2025 12:46,25.4711,32.9062,Data Log(36).txt,EWT-2,plant,,
7/11/2025 12:46,25.5156,32.9024,Data Log(36).txt,EWT-2,plant,,
7/11/2025 12:51,30.0183,33.0768,Data Log(35).txt,EET-1,plant,,
7/11/2025 12:51,30.256,33.0911,Data Log(35).txt,EET-1,plant,,
7/11/2025 12:53,61.356,33.1091,Data Log(35).txt,EET-1,bare-thatch,,
7/11/2025 12:53,60.9939,33.1179,Data Log(35).txt,EET-1,bare-thatch,,
7/11/2025 12:58,39.2757,33.1396,Data Log(34).txt,EHT-XC5S,plant,,
7/11/2025 12:58,39.3112,33.1712,Data Log(34).txt,EHT-XC5S,plant,,
7/11/2025 12:59,69.452,33.2944,Data Log(34).txt,EHT-XC5S,bare ground,,
7/11/2025 13:11,30.5418,32.955,Data Log(34).txt,EWT-1,plant,,
7/11/2025 13:11,30.8306,32.9661,Data Log(34).txt,EWT-1,plant,,
7/11/2025 13:13,28.7485,32.9797,Data Log(34).txt,EWT-1,plant,,
7/11/2025 13:13,28.1254,32.9713,Data Log(34).txt,EWT-1,plant,,
7/11/2025 13:18,41.7881,33.1323,Data Log(33).txt,EET-2,plant,,
7/11/2025 13:19,40.4444,33.1533,Data Log(33).txt,EET-2,plant,,
7/11/2025 13:19,40.0054,33.1575,Data Log(33).txt,EET-2,plant,,
7/11/2025 13:21,57.2791,33.2006,Data Log(33).txt,EET-2,thatch,,
7/11/2025 13:21,58.7957,33.2271,Data Log(33).txt,EET-2,thatch,,
7/11/2025 13:25,36.6185,33.3265,Data Log(33).txt,EHT-XA5S,plant,,
7/11/2025 13:25,37.3185,33.3459,Data Log(33).txt,EHT-XA5S,plant,,
7/11/2025 13:27,60.6504,33.4794,Data Log(33).txt,EHT-XA5S,bare ground,,
7/11/2025 13:28,58.7081,33.5768,Data Log(33).txt,EHT-XA5S,bare ground,,
7/11/2025 14:09,31.5052,35.184,Data Log(32).txt,KHR-1,plant,,
7/11/2025 14:10,31.5786,35.1844,Data Log(32).txt,KHR-1,plant,,
7/11/2025 14:11,53.2237,35.0036,Data Log(32).txt,KHR-1,bare ground,,
7/11/2025 14:12,-43.9553,35.0243,Data Log(32).txt,KHR-1,sky,,
7/11/2025 14:17,37.4604,34.5695,Data Log(31).txt,KER-1,plant,,
7/11/2025 14:18,37.1558,34.5561,Data Log(31).txt,KER-1,plant,,
7/11/2025 14:19,31.0188,34.507,Data Log(31).txt,KER-1,thatch,,
7/11/2025 14:34,30.0014,33.6288,Data Log(30).txt,KHT-XE5S,plant,,
7/11/2025 14:34,30.4004,33.6349,Data Log(30).txt,KHT-XE5S,plant,,
7/11/2025 14:34,42.3176,33.6481,Data Log(30).txt,KHT-XE5S,thatch,,
7/11/2025 14:38,31.9104,33.0447,Data Log(30).txt,KET-1,plant,,
7/11/2025 14:38,31.5419,33.0487,Data Log(30).txt,KET-1,plant,,
7/11/2025 14:43,24.8208,33.0548,Data Log(29).txt,KWT-1,plant,,
7/11/2025 14:44,23.5868,33.0168,Data Log(29).txt,KWT-1,plant,,
7/11/2025 14:44,23.3896,32.9597,Data Log(29).txt,KWT-1,plant,,
7/11/2025 14:52,25.0408,32.6159,Data Log(27).txt,KWT-2,plant,,
7/11/2025 14:52,25.6493,32.5962,Data Log(27).txt,KWT-3,plant,,
7/11/2025 15:06,18.9511,32.2189,Data Log(26).txt,KEF-1,plant,,
7/11/2025 15:06,18.6844,32.157,Data Log(26).txt,KEF-1,plant,,
7/11/2025 15:07,25.1232,32.0261,Data Log(26).txt,KEF-1,plant,,
7/11/2025 15:07,24.9984,32.0097,Data Log(26).txt,KEF-1,plant,,
7/11/2025 15:09,32.3575,31.8137,Data Log(26).txt,KHF-1,plant,,
7/11/2025 15:10,32.7451,31.822,Data Log(26).txt,KHF-1,plant,,
7/11/2025 15:11,58.9274,31.9155,Data Log(26).txt,KHF-1,bare ground,,
7/11/2025 15:11,58.6341,31.9444,Data Log(26).txt,KHF-1,bare ground,,
7/11/2025 15:17,26.7995,32.3141,Data Log(25).txt,KWR-1,plant,,
7/11/2025 15:17,27.0742,32.3168,Data Log(25).txt,KWR-1,plant,,
7/11/2025 15:22,31.8436,32.7365,Data Log(25).txt,KER-1,plant,,
7/11/2025 15:22,31.5378,32.7902,Data Log(25).txt,KER-1,plant,,
7/11/2025 15:23,31.5754,32.7932,Data Log(25).txt,KER-1,plant,,
7/29/2025 10:19,17.9344,20.5912,Data Log(24).txt,EWR-1,plant,100,
7/29/2025 10:19,17.7922,20.6024,Data Log(24).txt,EWR-1,plant,100,
7/29/2025 10:19,17.7768,20.611,Data Log(24).txt,EWR-1,plant,100,
7/29/2025 10:22,-44.1527,21.2913,Data Log(23).txt,EWR-1,sky,,
7/29/2025 10:22,-44.0415,21.3427,Data Log(23).txt,EWR-1,sky,,
7/29/2025 10:29,23.4055,22.6603,Data Log(22).txt,EWT-2,plant,,
7/29/2025 10:30,23.3276,22.6873,Data Log(22).txt,EWT-2,plant,,
7/29/2025 10:30,23.335,22.7031,Data Log(22).txt,EWT-2,plant,,
7/29/2025 10:30,23.3604,22.7162,Data Log(22).txt,EWT-2,plant,,
7/29/2025 10:30,23.3691,22.7191,Data Log(22).txt,EWT-2,plant,,
7/29/2025 10:30,23.3762,22.7211,Data Log(22).txt,EWT-2,plant,,
7/29/2025 10:39,20.41,23.9191,Data Log(21).txt,EWT-1,plant,,
7/29/2025 10:39,20.3253,23.9246,Data Log(21).txt,EWT-1,plant,,
7/29/2025 10:39,20.2821,23.9267,Data Log(21).txt,EWT-1,plant,,
7/29/2025 10:40,20.27,23.9287,Data Log(21).txt,EWT-1,plant,,
7/29/2025 10:40,20.286,23.9297,Data Log(21).txt,EWT-1,plant,,
7/29/2025 10:43,35.9661,24.2475,Data Log(20).txt,EHT-XA5S,bare-thatch,1,
7/29/2025 10:43,35.5434,24.3569,Data Log(20).txt,EHT-XA5S,bare-thatch,1,
7/29/2025 10:44,61.6835,24.5418,Data Log(20).txt,EHT-XA5S,bare-thatch,1,
7/29/2025 10:44,62.0252,24.5832,Data Log(20).txt,EHT-XA5S,bare-thatch,1,
7/29/2025 10:50,46.2207,26.1011,Data Log(19).txt,EHT-XA5S,bare-thatch,,"""Two reading for moss"" 6:01"
7/29/2025 10:50,46.2645,26.1237,Data Log(19).txt,EHT-XA5S,bare-thatch,,"""Two reading for moss"" 6:01"
7/29/2025 10:52,59.7937,26.4887,Data Log(19).txt,EHT-XA5S,thatch,,
7/29/2025 10:52,59.4483,26.5134,Data Log(19).txt,EHT-XA5S,thatch,,
7/29/2025 10:53,36.0108,27.0013,Data Log(18).txt,EET-2,bare-thatch,1,""".5 % bare, 2 % thatch""8:31"
7/29/2025 10:54,35.4547,27.033,Data Log(18).txt,EET-2,bare-thatch,1,""".5 % bare, 2 % thatch""8:31"
7/29/2025 11:09,26.8551,28.487,Data Log(17).txt,EET-1,plant,,
7/29/2025 11:10,27.2413,28.4853,Data Log(17).txt,EET-1,plant,,
7/29/2025 11:10,27.8037,28.4863,Data Log(17).txt,EET-1,plant,,
7/29/2025 11:10,26.9279,28.486,Data Log(17).txt,EET-1,plant,,
7/29/2025 11:11,52.58,28.4969,Data Log(17).txt,EET-1,thatch,0.5,
7/29/2025 11:11,54.465,28.5055,Data Log(17).txt,EET-1,thatch,0.5,
7/29/2025 11:12,57.0136,28.6312,Data Log(17).txt,EET-1,bare ground,2,
7/29/2025 11:12,58.2498,28.6752,Data Log(17).txt,EET-1,bare ground,2,
7/29/2025 11:18,37.5108,28.2514,Data Log(16).txt,EHT-XC5S,plant,,
7/29/2025 11:19,36.5987,28.3014,Data Log(16).txt,EHT-XC5S,plant,,
7/29/2025 11:19,36.2357,28.3399,Data Log(16).txt,EHT-XC5S,plant,,
7/29/2025 11:20,61.6349,28.4558,Data Log(16).txt,EHT-XC5S,bare ground,2,
7/29/2025 11:20,61.3109,28.5049,Data Log(16).txt,EHT-XC5S,bare ground,2,
7/29/2025 11:20,51.4195,28.6462,Data Log(16).txt,EHT-XC5S,bare ground,2,
7/29/2025 11:21,51.4461,28.6967,Data Log(16).txt,EHT-XC5S,thatch,5,
7/29/2025 11:34,30.1782,29.7632,Data Log(15).txt,EER-1,plant,,
7/29/2025 11:34,28.8397,29.7694,Data Log(15).txt,EER-1,plant,,
7/29/2025 11:34,28.3153,29.7724,Data Log(15).txt,EER-1,plant,,
7/29/2025 11:36,44.5961,29.9247,Data Log(15).txt,EER-1,thatch,3,
7/29/2025 11:36,46.6548,29.9775,Data Log(15).txt,EER-1,thatch,3,
7/29/2025 11:41,29.1425,29.6443,Data Log(14).txt,EHR-1,plant,,
7/29/2025 11:41,29.1596,29.6598,Data Log(14).txt,EHR-1,plant,,
7/29/2025 11:42,54.763,29.754,Data Log(14).txt,EHR-1,bare ground,3,
7/29/2025 11:43,59.7166,29.7852,Data Log(14).txt,EHR-1,bare ground,3,
7/29/2025 11:43,56.3466,29.9073,Data Log(14).txt,EHR-1,thatch,1,
7/29/2025 11:44,57.571,29.9791,Data Log(14).txt,EHR-1,thatch,1,
7/29/2025 12:12,19.9102,30.09,Data Log(13).txt,KWR-1,plant,,
7/29/2025 12:12,19.4962,30.0412,Data Log(13).txt,KWR-1,plant,,
7/29/2025 12:28,21.8922,29.8232,Data Log(11).txt,KWT-2,plant,,
7/29/2025 12:28,22.0074,29.8016,Data Log(11).txt,KWT-2,plant,,
7/29/2025 12:28,22.8079,29.7746,Data Log(11).txt,KWT-2,plant,,
7/29/2025 12:29,23.7387,29.7675,Data Log(11).txt,KWT-2,plant,,
7/29/2025 12:29,23.3155,29.772,Data Log(11).txt,KWT-2,plant,,
7/29/2025 12:38,26.8129,30.2748,Data Log(10).txt,KWT-1,plant,,
7/29/2025 12:38,25.2263,30.3177,Data Log(10).txt,KWT-1,plant,,
7/29/2025 12:38,25.1483,30.3436,Data Log(10).txt,KWT-1,plant,,
7/29/2025 12:38,25.2122,30.4088,Data Log(10).txt,KWT-1,plant,,
7/29/2025 12:40,-41.4391,30.4675,Data Log(7).txt,KWT-1,sky,,
7/29/2025 12:41,-41.575,30.4884,Data Log(7).txt,KWT-1,sky,,
7/29/2025 12:46,31.2278,30.2456,Data Log(6).txt,KET-1,plant,,
7/29/2025 12:46,30.1866,30.2505,Data Log(6).txt,KET-1,plant,,
7/29/2025 12:46,28.7514,30.253,Data Log(6).txt,KET-1,plant,,
7/29/2025 12:47,28.9905,30.2435,Data Log(6).txt,KET-1,plant,,
7/29/2025 12:48,56.4952,30.2367,Data Log(6).txt,KET-1,thatch,4,
7/29/2025 12:48,55.3973,30.2726,Data Log(6).txt,KET-1,thatch,4,
7/29/2025 12:56,35.2764,29.4348,Data Log(5).txt,KHT-XE5S,plant,,
7/29/2025 12:56,35.9762,29.4545,Data Log(5).txt,KHT-XE5S,plant,,
7/29/2025 12:56,36.9011,29.4908,Data Log(5).txt,KHT-XE5S,plant,,
7/29/2025 12:57,37.7561,29.5411,Data Log(5).txt,KHT-XE5S,plant,,
7/29/2025 12:57,37.3137,29.6234,Data Log(5).txt,KHT-XE5S,plant,,
7/29/2025 12:57,36.3687,29.6674,Data Log(5).txt,KHT-XE5S,plant,,
7/29/2025 12:58,74.4905,29.8707,Data Log(5).txt,KHT-XE5S,bare ground,2,
7/29/2025 12:59,75.4896,29.9665,Data Log(5).txt,KHT-XE5S,bare ground,2,
7/29/2025 13:00,55.4137,30.2026,Data Log(5).txt,KHT-XE5S,thatch,4,
7/29/2025 13:01,58.1919,30.297,Data Log(5).txt,KHT-XE5S,thatch,4,
7/29/2025 13:01,58.8777,30.3853,Data Log(5).txt,KHT-XE5S,thatch,4,
7/29/2025 13:13,34.66,32.3767,Data Log(4).txt,KER-1,plant,,
7/29/2025 13:13,34.7231,32.4177,Data Log(4).txt,KER-1,plant,,
7/29/2025 13:13,34.6767,32.4452,Data Log(4).txt,KER-1,plant,,
7/29/2025 13:14,57.4684,32.6632,Data Log(4).txt,KER-1,thatch,12,
7/29/2025 13:15,57.5516,32.6891,Data Log(4).txt,KER-1,thatch,12,
7/29/2025 13:20,31.886,32.2074,Data Log(3).txt,KHR-1,plant,,
7/29/2025 13:20,31.7656,32.2025,Data Log(3).txt,KHR-1,plant,,
7/29/2025 13:20,31.7621,32.2089,Data Log(3).txt,KHR-1,plant,,
7/29/2025 13:22,47.1711,32.3463,Data Log(3).txt,KHR-1,thatch,6,
7/29/2025 13:22,47.6477,32.3809,Data Log(3).txt,KHR-1,thatch,6,
7/29/2025 13:43,29.0185,33.7607,Data Log(2).txt,KEF-1,plant,,
7/29/2025 13:43,28.9124,33.755,Data Log(2).txt,KEF-1,plant,,
7/29/2025 13:45,44.1277,33.6103,Data Log(2).txt,KEF-1,thatch,3,
7/29/2025 13:45,41.968,33.6258,Data Log(2).txt,KEF-1,thatch,3,
7/29/2025 13:45,39.9053,33.65,Data Log(2).txt,KEF-1,thatch,3,
7/29/2025 13:49,40.577,33.8572,Data Log(1).txt,KEF-1,plant,,
7/29/2025 13:49,40.1224,33.8859,Data Log(1).txt,KEF-1,plant,,
7/29/2025 13:50,65.6538,33.9895,Data Log(1).txt,KEF-1,bare ground,4," ""Rust on Potentilla"" 6:50"
7/29/2025 13:50,69.3866,34.0157,Data Log(1).txt,KEF-1,bare ground,4," ""Rust on Potentilla"" 6:51"
7/29/2025 13:51,71.0048,34.0605,Data Log(1).txt,KEF-1,bare ground,4," ""Rust on Potentilla"" 6:52"
7/29/2025 13:59,32.4941,34.3373,Data Log.txt,KER-2,plant,,
7/29/2025 13:59,33.1806,34.3445,Data Log.txt,KER-2,plant,,
7/29/2025 14:00,33.3899,34.3122,Data Log.txt,KER-2,plant,,
7/29/2025 14:00,33.1887,34.2958,Data Log.txt,KER-2,plant,,
7/29/2025 14:01,46.8124,34.2064,Data Log.txt,KER-2,thatch,3,
7/29/2025 14:01,46.3389,34.2,Data Log.txt,KER-2,thatch,3,
8/10/2025 10:32,28.0829,28.6423,Data Log(61).txt,EHR-1,plant,,
8/10/2025 10:32,27.988,28.6501,Data Log(61).txt,EHR-1,plant,,
8/10/2025 10:32,28.0727,28.6569,Data Log(61).txt,EHR-1,plant,,
8/10/2025 10:34,49.3042,29.1121,Data Log(61).txt,EHR-1,bare ground,5,
8/10/2025 10:34,49.6275,29.1748,Data Log(61).txt,EHR-1,bare ground,5,
8/10/2025 10:34,14.4169,29.2329,Data Log(61).txt,EHR-1,,,"""Scratch that"" :36"
8/10/2025 10:35,-43.6823,29.3716,Data Log(61).txt,EHR-1,sky,,
8/10/2025 10:36,20.4983,29.6208,Data Log(61).txt,EHR-1,tinfoil,,
8/10/2025 10:37,16.6986,29.6989,Data Log(61).txt,EHR-1,tinfoil,,
8/10/2025 10:37,16.2231,29.7645,Data Log(61).txt,EHR-1,tinfoil,,
8/10/2025 10:46,26.5412,31.07,Data Log(60).txt,EER-1,plant,,
8/10/2025 10:47,26.3991,31.0846,Data Log(60).txt,EER-1,plant,,
8/10/2025 10:47,26.058,31.0944,Data Log(60).txt,EER-1,plant,,
8/10/2025 10:48,45.4278,31.0995,Data Log(60).txt,EER-1,thatch,1,
8/10/2025 10:48,46.0477,31.1133,Data Log(60).txt,EER-1,thatch,1,
8/10/2025 10:52,19.5498,31.2333,Data Log(59).txt,EWR-1,plant,,
8/10/2025 10:52,19.3191,31.2074,Data Log(59).txt,EWR-1,plant,,
8/10/2025 10:52,19.289,31.1833,Data Log(59).txt,EWR-1,plant,,
8/10/2025 11:00,24.4576,30.0613,Data Log(58).txt,EWT-2,plant,,
8/10/2025 11:00,24.4794,30.0739,Data Log(58).txt,EWT-2,plant,,
8/10/2025 11:00,24.6173,30.0884,Data Log(58).txt,EWT-2,plant,,
8/10/2025 11:03,29.4524,30.145,Data Log(56).txt,EET-1,plant,,
8/10/2025 11:03,29.8207,30.156,Data Log(56).txt,EET-1,plant,,
8/10/2025 11:03,30.1084,30.1645,Data Log(56).txt,EET-1,plant,,
8/10/2025 11:05,52.0671,30.5312,Data Log(56).txt,EET-1,bare ground,2,"""2 percent thatch"" 2:18"
8/10/2025 11:06,51.8391,30.5959,Data Log(56).txt,EET-1,bare ground,2,"""2 percent thatch"" 2:18"
8/10/2025 11:06,18.199,30.7864,Data Log(56).txt,EET-1,tinfoil,,
8/10/2025 11:07,18.0585,30.8708,Data Log(56).txt,EET-1,tinfoil,,
8/10/2025 11:10,34.9055,30.56,Data Log(55).txt,EHT-XC5S,plant,,
8/10/2025 11:10,35.2424,30.5767,Data Log(55).txt,EHT-XC5S,plant,,
8/10/2025 11:11,35.4876,30.6071,Data Log(55).txt,EHT-XC5S,plant,,
8/10/2025 11:12,60.3317,30.777,Data Log(55).txt,EHT-XC5S,bare-thatch,5,
8/10/2025 11:12,59.4169,30.8121,Data Log(55).txt,EHT-XC5S,bare-thatch,5,
8/10/2025 11:24,40.5581,31.8838,Data Log(54).txt,EET-2,plant,,
8/10/2025 11:24,39.958,31.9271,Data Log(54).txt,EET-2,plant,,
8/10/2025 11:24,40.2886,31.9605,Data Log(54).txt,EET-2,plant,,
8/10/2025 11:26,49.5545,32.3365,Data Log(54).txt,EET-2,bare-thatch,20,
8/10/2025 11:26,49.9988,32.3797,Data Log(54).txt,EET-2,bare-thatch,20,
8/10/2025 11:27,20.2786,32.4563,Data Log(54).txt,EET-2,tinfoil,,
8/10/2025 11:27,18.8939,32.4686,Data Log(54).txt,EET-2,tinfoil,,
8/10/2025 11:27,19.2244,32.4824,Data Log(54).txt,EET-2,tinfoil,,
8/10/2025 11:30,42.1618,32.8142,Data Log(53).txt,EHT-XA5S,plant,,
8/10/2025 11:30,42.1436,32.8183,Data Log(53).txt,EHT-XA5S,plant,,
8/10/2025 11:30,42.0082,32.8222,Data Log(53).txt,EHT-XA5S,plant,,
8/10/2025 11:32,63.7927,32.9639,Data Log(53).txt,EHT-XA5S,bare-thatch,20,"""thatch/moss/bare ground mix"" 4:25"
8/10/2025 11:32,63.853,32.994,Data Log(53).txt,EHT-XA5S,bare-thatch,20,"""thatch/moss/bare ground mix"" 4:25"
8/10/2025 11:32,64.4657,33.0271,Data Log(53).txt,EHT-XA5S,bare-thatch,20,"""thatch/moss/bare ground mix"" 4:25"
8/10/2025 11:33,65.0461,33.156,Data Log(53).txt,EHT-XA5S,bare-thatch,20,"""thatch/moss/bare ground mix"" 4:25"
8/10/2025 11:33,62.495,33.1992,Data Log(53).txt,EHT-XA5S,bare-thatch,20,"""thatch/moss/bare ground mix"" 4:25"
8/10/2025 11:36,25.6197,33.2746,Data Log(52).txt,EWT-1,plant,,"""Soil surface is dry"" 4:42"
8/10/2025 11:36,25.4164,33.2596,Data Log(52).txt,EWT-1,plant,,"""Soil surface is dry"" 4:42"
8/10/2025 11:36,25.0297,33.2459,Data Log(52).txt,EWT-1,plant,,"""Soil surface is dry"" 4:42"
8/10/2025 11:36,25.028,33.1794,Data Log(52).txt,EWT-1,plant,,"""Soil surface is dry"" 4:42"
8/10/2025 12:07,32.0914,29.5849,Data Log(51).txt,KER-2,plant,,
8/10/2025 12:07,31.5681,29.6104,Data Log(51).txt,KER-2,plant,,
8/10/2025 12:08,31.5726,29.6306,Data Log(51).txt,KER-2,plant,,
8/10/2025 12:09,52.0612,29.9076,Data Log(51).txt,KER-2,thatch,5,
8/10/2025 12:10,50.7485,29.9745,Data Log(51).txt,KER-2,thatch,5,
8/10/2025 12:10,-40.5625,30.279,Data Log(51).txt,KER-2,sky,,
8/10/2025 12:11,-41.2433,30.3272,Data Log(51).txt,KER-2,sky,,
8/10/2025 12:11,-43.8631,30.3803,Data Log(51).txt,KER-2,sky,,
8/10/2025 12:11,-44.3788,30.4318,Data Log(51).txt,KER-2,sky,,
8/10/2025 12:12,17.3586,30.892,Data Log(51).txt,KER-2,tinfoil,,
8/10/2025 12:12,17.4792,30.9543,Data Log(51).txt,KER-2,tinfoil,,
8/10/2025 12:18,24.8808,31.7671,Data Log(49).txt,KWR-1,plant,,
8/10/2025 12:18,24.6831,31.7726,Data Log(49).txt,KWR-1,plant,,
8/10/2025 12:19,24.3361,31.7768,Data Log(49).txt,KWR-1,plant,,
8/10/2025 12:24,40.1832,31.8208,Data Log(47).txt,KHF-1,plant,,
8/10/2025 12:24,41.6438,31.8782,Data Log(47).txt,KHF-1,plant,,
8/10/2025 12:25,41.6549,31.9128,Data Log(47).txt,KHF-1,plant,,
8/10/2025 12:25,41.6675,31.9495,Data Log(47).txt,KHF-1,plant,,
8/10/2025 12:25,41.4182,32.0173,Data Log(47).txt,KHF-1,plant,,
8/10/2025 12:25,41.1082,32.0563,Data Log(47).txt,KHF-1,plant,,
8/10/2025 12:26,66.206,32.3258,Data Log(47).txt,KHF-1,bare ground,4,
8/10/2025 12:27,64.9025,32.4246,Data Log(47).txt,KHF-1,bare ground,4,
8/10/2025 12:27,53.417,32.6435,Data Log(47).txt,KHF-1,thatch,4,
8/10/2025 12:27,52.5295,32.698,Data Log(47).txt,KHF-1,thatch,4,
8/10/2025 12:31,30.1457,33.9777,Data Log(46).txt,KEF-1,plant,,
8/10/2025 12:31,30.1466,33.9926,Data Log(46).txt,KEF-1,plant,,
8/10/2025 12:31,30.017,34.014,Data Log(46).txt,KEF-1,plant,,
8/10/2025 12:32,40.6979,34.111,Data Log(46).txt,KEF-1,bare-thatch,4,
8/10/2025 12:32,42.4163,34.1965,Data Log(46).txt,KEF-1,bare-thatch,4,
8/10/2025 12:33,42.0363,34.243,Data Log(46).txt,KEF-1,bare-thatch,4,
8/10/2025 12:33,41.4437,34.2764,Data Log(46).txt,KEF-1,bare-thatch,4,
8/10/2025 12:33,41.5103,34.2908,Data Log(46).txt,KEF-1,bare-thatch,4,
8/10/2025 12:47,32.195,34.1058,Data Log(45).txt,KHR-1,plant,,
8/10/2025 12:47,32.1614,34.1309,Data Log(45).txt,KHR-1,plant,,
8/10/2025 12:48,59.7061,34.2771,Data Log(45).txt,KHR-1,bare-thatch,2,
8/10/2025 12:49,58.9523,34.3041,Data Log(45).txt,KHR-1,bare-thatch,2,
8/10/2025 12:50,19.9544,34.5317,Data Log(45).txt,KHR-1,tinfoil,,
8/10/2025 12:50,18.8748,34.567,Data Log(45).txt,KHR-1,tinfoil,,
8/10/2025 12:56,38.6456,34.6786,Data Log(44).txt,KER-1,plant,,
8/10/2025 12:56,38.1431,34.6906,Data Log(44).txt,KER-1,plant,,
8/10/2025 12:56,37.7517,34.7107,Data Log(44).txt,KER-1,plant,,
8/10/2025 12:58,55.7837,34.8326,Data Log(44).txt,KER-1,bare-thatch,10,
8/10/2025 12:58,57.2562,34.8569,Data Log(44).txt,KER-1,bare-thatch,10,
8/10/2025 12:58,56.5069,34.8864,Data Log(44).txt,KER-1,bare-thatch,10,
8/10/2025 13:16,24.6123,33.5098,Data Log(43).txt,KWT-2,plant,,
8/10/2025 13:17,25.9996,33.3479,Data Log(43).txt,KWT-2,plant,,
8/10/2025 13:31,25.5405,33.8771,Data Log(42).txt,KWT-1,plant,,
8/10/2025 13:31,25.7382,33.8663,Data Log(42).txt,KWT-1,plant,,
8/10/2025 13:31,26.3192,33.8635,Data Log(42).txt,KWT-1,plant,,
8/10/2025 13:36,34.7136,33.679,Data Log(41).txt,KET-1,plant,,
8/10/2025 13:36,34.5067,33.6732,Data Log(41).txt,KET-1,plant,,
8/10/2025 13:36,33.9589,33.6709,Data Log(41).txt,KET-1,plant,,
8/10/2025 13:36,34.0249,33.667,Data Log(41).txt,KET-1,plant,,
8/10/2025 13:38,63.7502,33.7321,Data Log(41).txt,KET-1,bare-thatch,3,
8/10/2025 13:38,62.8555,33.7527,Data Log(41).txt,KET-1,bare-thatch,3,
8/10/2025 13:42,40.3336,33.6467,Data Log(40).txt,KHT-XE5S,plant,,
8/10/2025 13:42,40.1025,33.6609,Data Log(40).txt,KHT-XE5S,plant,,
8/10/2025 13:42,39.7823,33.6753,Data Log(40).txt,KHT-XE5S,plant,,
8/10/2025 13:42,38.8397,33.7143,Data Log(40).txt,KHT-XE5S,plant,,
8/10/2025 13:42,38.4914,33.745,Data Log(40).txt,KHT-XE5S,plant,,
8/10/2025 13:44,52.6502,33.7909,Data Log(40).txt,KHT-XE5S,bare-thatch,9,
8/10/2025 13:45,52.6948,33.8191,Data Log(40).txt,KHT-XE5S,bare-thatch,9,
8/10/2025 13:46,15.2389,33.9577,Data Log(40).txt,KHT-XE5S,tinfoil,,
8/10/2025 13:46,15.6312,33.9778,Data Log(40).txt,KHT-XE5S,tinfoil,,
8/23/2025 10:15,28.8565,29.4443,Data Log(39).txt,EHR-1,plant,,
8/23/2025 10:16,28.2893,29.4922,Data Log(39).txt,EHR-1,plant,,
8/23/2025 10:16,28.013,29.5029,Data Log(39).txt,EHR-1,plant,,
8/23/2025 10:20,41.0848,29.8931,Data Log(38).txt,EHR-1,bare ground,,
8/23/2025 10:21,41.1321,29.9335,Data Log(38).txt,EHR-1,bare ground,,
8/23/2025 10:21,41.2409,29.9838,Data Log(38).txt,EHR-1,bare ground,,
8/23/2025 10:23,12.5201,30.2643,Data Log(38).txt,EHR-1,tinfoil,,
8/23/2025 10:23,12.8815,30.3136,Data Log(38).txt,EHR-1,tinfoil,,
8/23/2025 10:24,-35.2942,30.4884,Data Log(38).txt,EHR-1,sky,,
8/23/2025 10:24,-35.2998,30.5234,Data Log(38).txt,EHR-1,sky,,
8/23/2025 10:28,26.3039,30.9515,Data Log(37).txt,EER-1,plant,100,
8/23/2025 10:28,25.9499,30.9734,Data Log(37).txt,EER-1,plant,100,
8/23/2025 10:28,25.9628,30.9904,Data Log(37).txt,EER-1,plant,100,
8/23/2025 10:31,19.7716,30.8682,Data Log(36).txt,EWR-1,plant,,"""only 2 @ 21.4, 21.3"" in orange notebook"
8/23/2025 10:31,21.4843,30.7953,Data Log(36).txt,EWR-1,plant,,"""only 2 @ 21.4, 21.3"" in orange notebook"
8/23/2025 10:31,21.3986,30.7821,Data Log(36).txt,EWR-1,plant,,"""only 2 @ 21.4, 21.3"" in orange notebook"
8/23/2025 10:37,25.0265,30.4974,Data Log(36).txt,EWT-2,plant,,
8/23/2025 10:37,25.1016,30.4488,Data Log(36).txt,EWT-2,plant,,
8/23/2025 10:39,29.5982,30.026,Data Log(35).txt,EET-1,plant,,
8/23/2025 10:40,29.8546,30.0393,Data Log(35).txt,EET-1,plant,,
8/23/2025 10:40,30.4949,30.08,Data Log(35).txt,EET-1,plant,,
8/23/2025 10:45,36.049,30.1735,Data Log(34).txt,EHT-XC5S,plant,,
8/23/2025 10:46,35.5264,30.2224,Data Log(34).txt,EHT-XC5S,plant,,
8/23/2025 10:46,35.5702,30.2333,Data Log(34).txt,EHT-XC5S,plant,,
8/23/2025 10:48,51.7009,30.3786,Data Log(34).txt,EHT-XC5S,bare-thatch,5,
8/23/2025 10:48,51.9162,30.4115,Data Log(34).txt,EHT-XC5S,bare-thatch,5,
8/23/2025 11:00,26.1342,30.5605,Data Log(33).txt,EWT-1,plant,,
8/23/2025 11:00,26.0677,30.5371,Data Log(33).txt,EWT-1,plant,,
8/23/2025 11:00,25.9133,30.5073,Data Log(33).txt,EWT-1,plant,,
8/23/2025 11:03,41.9737,30.6867,Data Log(32).txt,EHT-XA5S,plant,,
8/23/2025 11:04,41.2881,30.7456,Data Log(32).txt,EHT-XA5S,plant,,
8/23/2025 11:04,41.4196,30.7805,Data Log(32).txt,EHT-XA5S,plant,,
8/23/2025 11:05,61.7055,30.8375,Data Log(32).txt,EHT-XA5S,thatch,10,thatch/moss
8/23/2025 11:06,61.1666,30.8928,Data Log(32).txt,EHT-XA5S,thatch,10,
8/23/2025 11:07,37.5276,31.1269,Data Log(31).txt,EET-2,plant,,
8/23/2025 11:07,37.2384,31.1528,Data Log(31).txt,EET-2,plant,,
8/23/2025 11:09,47.8086,31.3183,Data Log(31).txt,EET-2,thatch,5,
8/23/2025 11:10,51.0345,31.4786,Data Log(31).txt,EET-2,thatch,5,
8/23/2025 11:10,50.8746,31.5068,Data Log(31).txt,EET-2,thatch,5,
8/23/2025 11:58,31.0159,31.3683,Data Log(30).txt,KER-2,plant,100,
8/23/2025 11:58,30.5658,31.3761,Data Log(30).txt,KER-2,plant,100,
8/23/2025 11:59,30.5954,31.3961,Data Log(30).txt,KER-2,plant,100,
8/23/2025 12:01,26.167,31.5973,Data Log(29).txt,KWR-1,plant,,
8/23/2025 12:01,26.0107,31.5912,Data Log(29).txt,KWR-1,plant,,
8/23/2025 12:02,25.8377,31.5647,Data Log(29).txt,KWR-1,plant,,
8/23/2025 12:06,40.2686,31.6659,Data Log(28).txt,KWF-1,plant,,
8/23/2025 12:06,40.181,31.707,Data Log(28).txt,KWF-1,plant,,
8/23/2025 12:07,40.5357,31.758,Data Log(28).txt,KWF-1,plant,,
8/23/2025 12:08,53.1957,31.9301,Data Log(28).txt,KWF-1,thatch,4,
8/23/2025 12:08,53.3326,31.9488,Data Log(28).txt,KWF-1,thatch,4,
8/23/2025 12:09,-29.0354,32.2579,Data Log(28).txt,KWF-1,sky,,
8/23/2025 12:09,-27.9588,32.3426,Data Log(28).txt,KWF-1,sky,,
8/23/2025 12:10,22.5687,32.5239,Data Log(28).txt,KWF-1,tinfoil,,
8/23/2025 12:10,22.7641,32.5625,Data Log(28).txt,KWF-1,tinfoil,,
8/23/2025 12:13,29.3841,32.9318,Data Log(26).txt,KEF-1,plant,100,
8/23/2025 12:13,30.342,33.0011,Data Log(26).txt,KEF-1,plant,100,
8/23/2025 12:14,30.8045,33.0727,Data Log(26).txt,KEF-1,plant,100,
8/23/2025 12:28,26.0412,32.9637,Data Log(25).txt,KWT-2,plant,,
8/23/2025 12:28,26.1743,32.9551,Data Log(25).txt,KWT-2,plant,,
8/23/2025 12:28,26.2654,32.9479,Data Log(25).txt,KWT-2,plant,,
8/23/2025 12:37,31.619,32.8018,Data Log(24).txt,KWT-1,plant,,
8/23/2025 12:37,30.6057,32.808,Data Log(24).txt,KWT-1,plant,,
8/23/2025 12:40,38.3799,32.8762,Data Log(23).txt,KET-1,plant,100,
8/23/2025 12:40,38.3667,32.8927,Data Log(23).txt,KET-1,plant,100,
8/23/2025 12:43,43.0653,33.0198,Data Log(22).txt,KHT-XE5S,plant,,
8/23/2025 12:43,43.2922,33.0506,Data Log(22).txt,KHT-XE5S,plant,,
8/23/2025 12:45,62.1983,32.9281,Data Log(22).txt,KHT-XE5S,bare-thatch,6,
8/23/2025 12:45,62.3224,32.9793,Data Log(22).txt,KHT-XE5S,bare-thatch,6,
8/23/2025 12:45,62.0362,33.0257,Data Log(22).txt,KHT-XE5S,bare-thatch,6,
8/23/2025 12:52,38.7281,34.0469,Data Log(21).txt,KER-1,plant,,
8/23/2025 12:52,37.1541,34.082,Data Log(21).txt,KER-1,plant,,
8/23/2025 12:53,37.6777,34.0998,Data Log(21).txt,KER-1,plant,,
8/23/2025 12:54,58.9582,34.2581,Data Log(21).txt,KER-1,thatch,6,
8/23/2025 12:54,59.8797,34.3114,Data Log(21).txt,KER-1,thatch,6,
8/23/2025 12:54,59.2639,34.3451,Data Log(21).txt,KER-1,thatch,6,
8/23/2025 12:58,34.7542,34.7551,Data Log(20).txt,KHR-1,plant,,
8/23/2025 12:59,35.9685,34.7605,Data Log(20).txt,KHR-1,plant,,
8/23/2025 12:59,35.8104,34.7755,Data Log(20).txt,KHR-1,plant,,
8/23/2025 13:00,54.2606,34.6629,Data Log(20).txt,KHR-1,thatch,3,
8/23/2025 13:00,54.1126,34.7011,Data Log(20).txt,KHR-1,thatch,3,
9/4/2025 10:31,23.7713,22.2088,Data Log(19).txt,EHR-1,plant,,
9/4/2025 10:31,23.7586,22.2331,Data Log(19).txt,EHR-1,plant,,
9/4/2025 10:31,23.9218,22.2578,Data Log(19).txt,EHR-1,plant,,
9/4/2025 10:32,-34.2275,22.4845,Data Log(19).txt,EHR-1,sky,,
9/4/2025 10:32,-34.3149,22.5706,Data Log(19).txt,EHR-1,sky,,
9/4/2025 10:32,-34.3537,22.5749,Data Log(19).txt,EHR-1,sky,,
9/4/2025 10:33,11.0026,22.7728,Data Log(19).txt,EHR-1,tinfoil,,
9/4/2025 10:33,10.9645,22.8121,Data Log(19).txt,EHR-1,tinfoil,,
9/4/2025 10:34,24.6018,22.9504,Data Log(19).txt,EER-1,bare-thatch,3,
9/4/2025 10:34,24.6923,22.9818,Data Log(19).txt,EER-1,bare-thatch,3,
9/4/2025 10:41,23.8981,24.6703,Data Log(17).txt,EER-1,plant,,
9/4/2025 10:41,24.0309,24.6813,Data Log(17).txt,EER-1,plant,,
9/4/2025 10:41,24.4064,24.6947,Data Log(17).txt,EER-1,plant,,
9/4/2025 10:42,40.3976,24.85,Data Log(17).txt,EER-1,thatch,1,"""Thin layer of clouds or smoke"" 3:53"
9/4/2025 10:43,40.1929,24.8836,Data Log(17).txt,EER-1,thatch,1,"""Thin layer of clouds or smoke"" 3:53"
9/4/2025 10:47,18.028,24.9086,Data Log(16).txt,,,,"""I only want to consider the two taken at 10:48am, 19.3 and 19.7"" 3:53"
9/4/2025 10:47,18.2106,24.8945,Data Log(16).txt,,,,"""I only want to consider the two taken at 10:48am, 19.3 and 19.7"" 3:53"
9/4/2025 10:48,19.3702,24.8192,Data Log(16).txt,EWR-1,plant,,"""I only want to consider the two taken at 10:48am, 19.3 and 19.7"" 3:53"
9/4/2025 10:48,19.7094,24.7986,Data Log(16).txt,EWR-1,plant,,"""I only want to consider the two taken at 10:48am, 19.3 and 19.7"" 3:53"
9/4/2025 10:53,21.8457,24.8207,Data Log(15).txt,EWT-2,plant,,
9/4/2025 10:53,21.8525,24.819,Data Log(15).txt,EWT-2,plant,,
9/4/2025 10:54,24.9208,24.7138,Data Log(14).txt,EET-1,plant,,
9/4/2025 10:55,25.0858,24.7115,Data Log(14).txt,EET-1,plant,,
9/4/2025 10:56,38.4679,24.7816,Data Log(14).txt,EET-1,thatch,2,
9/4/2025 10:56,38.2534,24.8162,Data Log(14).txt,EET-1,thatch,2,
9/4/2025 10:59,29.1517,25.4574,Data Log(13).txt,EHT-XC5S,plant,,
9/4/2025 11:00,28.8737,25.4898,Data Log(13).txt,EHT-XC5S,plant,,
9/4/2025 11:01,38.9426,25.8552,Data Log(13).txt,EHT-XC5S,thatch,3,
9/4/2025 11:01,39.0456,25.9021,Data Log(13).txt,EHT-XC5S,thatch,3,
9/4/2025 11:10,21.2605,26.2425,Data Log(12).txt,EWT-1,,,
9/4/2025 11:10,21.3079,26.2069,Data Log(12).txt,EWT-1,,,
9/4/2025 11:13,33.5964,26.0589,Data Log(11).txt,EHT-XA5S,plant,,
9/4/2025 11:13,33.1878,26.0792,Data Log(11).txt,EHT-XA5S,plant,,
9/4/2025 11:14,40.0676,26.2243,Data Log(11).txt,EHT-XA5S,bare-thatch,12,
9/4/2025 11:14,39.5192,26.2722,Data Log(11).txt,EHT-XA5S,bare-thatch,12,
9/4/2025 11:16,28.0129,26.5422,Data Log(10).txt,EET-2,plant,,
9/4/2025 11:17,29.1281,26.5739,Data Log(10).txt,EET-2,plant,,
9/4/2025 11:18,36.2494,26.7421,Data Log(10).txt,EET-2,thatch,9,
9/4/2025 11:18,36.0622,26.7881,Data Log(10).txt,EET-2,thatch,9,
9/4/2025 11:50,27.4336,26.2575,Data Log(9).txt,KER-2,plant,,
9/4/2025 11:51,28.2902,26.269,Data Log(9).txt,KER-2,plant,,
9/4/2025 11:51,46.6818,26.3599,Data Log(9).txt,KER-2,thatch,1,
9/4/2025 11:52,48.4347,26.4086,Data Log(9).txt,KER-2,thatch,1,
9/4/2025 11:52,-31.5209,26.6472,Data Log(9).txt,KER-2,sky,,
9/4/2025 11:53,-31.6326,26.6835,Data Log(9).txt,KER-2,sky,,
9/4/2025 11:54,9.8704,26.9539,Data Log(9).txt,KER-2,tinfoil,,
9/4/2025 11:54,8.6233,27.0051,Data Log(9).txt,KER-2,tinfoil,,
9/4/2025 11:58,22.563,27.4175,Data Log(8).txt,KWR-1,plant,,
9/4/2025 11:58,22.5772,27.413,Data Log(8).txt,KWR-1,plant,,
9/4/2025 11:58,22.5031,27.4027,Data Log(8).txt,KWR-1,plant,,
9/4/2025 12:02,31.0603,27.2386,Data Log(7).txt,KHF-1,plant,,
9/4/2025 12:02,30.862,27.2637,Data Log(7).txt,KHF-1,plant,,
9/4/2025 12:03,31.7303,27.3237,Data Log(7).txt,KHF-1,bare-thatch,10,
9/4/2025 12:03,31.7606,27.3642,Data Log(7).txt,KHF-1,bare-thatch,10,
9/4/2025 12:05,24.6606,27.2193,Data Log(6).txt,KEF-1,plant,,
9/4/2025 12:05,24.2495,27.2233,Data Log(6).txt,KEF-1,plant,,
9/4/2025 12:06,28.3485,27.3056,Data Log(6).txt,KEF-1,thatch,1,
9/4/2025 12:06,28.4018,27.3346,Data Log(6).txt,KEF-1,thatch,1,
9/4/2025 12:18,19.5338,27.3828,Data Log(5).txt,KWT-2,plant,,
9/4/2025 12:18,19.2686,27.3344,Data Log(5).txt,KWT-2,plant,,
9/4/2025 12:20,19.4654,26.9637,Data Log(5).txt,KWT-2,plant,,
9/4/2025 12:25,24.1471,26.0085,Data Log(4).txt,KWT-1,plant,,
9/4/2025 12:25,23.6687,25.9992,Data Log(4).txt,KWT-1,plant,,
9/4/2025 12:28,29.2102,25.9407,Data Log(3).txt,KET-1,plant,,
9/4/2025 12:28,29.1823,25.9435,Data Log(3).txt,KET-1,plant,,
9/4/2025 12:30,38.8925,26.0704,Data Log(3).txt,KET-1,thatch,1,
9/4/2025 12:30,39.5886,26.1185,Data Log(3).txt,KET-1,thatch,1,
9/4/2025 12:32,32.4139,26.2798,Data Log(2).txt,KHT-XE5S,plant,,
9/4/2025 12:32,33.1192,26.3049,Data Log(2).txt,KHT-XE5S,plant,,
9/4/2025 12:32,32.9749,26.3408,Data Log(2).txt,KHT-XE5S,plant,,
9/4/2025 12:33,41.4545,26.4795,Data Log(2).txt,KHT-XE5S,bare-thatch,10,
9/4/2025 12:34,40.7749,26.5282,Data Log(2).txt,KHT-XE5S,bare-thatch,10,
9/4/2025 12:40,29.3348,26.5048,Data Log(1).txt,KER-1,plant,,
9/4/2025 12:41,29.5302,26.5322,Data Log(1).txt,KER-1,plant,,
9/4/2025 12:42,46.2106,26.6995,Data Log(1).txt,KER-1,thatch,,
9/4/2025 12:42,45.9318,26.7557,Data Log(1).txt,KER-1,thatch,,
9/4/2025 12:45,32.8349,27.478,Data Log.txt,KHR-1,plant,,
9/4/2025 12:45,32.3977,27.5331,Data Log.txt,KHR-1,plant,,
9/4/2025 12:46,35.1384,27.6812,Data Log.txt,KHR-1,thatch,3,"""Variable clouds. Haze from smoke. Moist soil"" 2:30"
9/4/2025 12:46,33.9841,27.7817,Data Log.txt,KHR-1,thatch,3,"""Variable clouds. Haze from smoke. Moist soil"" 2:30"
9/21/2025 10:17,-41.1816,18.965,Data Log(59).txt,EHR-1,sky,,
9/21/2025 10:17,-41.1613,19.0337,Data Log(59).txt,EHR-1,sky,,
9/21/2025 10:19,10.8885,19.4715,Data Log(59).txt,EHR-1,tinfoil,,
9/21/2025 10:20,11.0277,19.5099,Data Log(59).txt,EHR-1,tinfoil,,
9/21/2025 10:20,10.9408,19.5588,Data Log(59).txt,EHR-1,tinfoil,,
9/21/2025 10:21,21.59,19.7785,Data Log(59).txt,EHR-1,plant,,
9/21/2025 10:21,21.6355,19.8123,Data Log(59).txt,EHR-1,plant,,
9/21/2025 10:23,35.4205,20.2808,Data Log(59).txt,EHR-1,bare-thatch,8,
9/21/2025 10:23,36.4784,20.3451,Data Log(59).txt,EHR-1,bare-thatch,8,
9/21/2025 10:29,20.4979,21.9887,Data Log(58).txt,EER-1,plant,,
9/21/2025 10:30,20.7312,22.0173,Data Log(58).txt,EER-1,plant,,
9/21/2025 10:30,25.1189,22.132,Data Log(58).txt,EER-1,thatch,2,
9/21/2025 10:31,22.0256,22.1624,Data Log(58).txt,EER-1,thatch,2,
9/21/2025 10:36,15.0042,22.5905,Data Log(57).txt,EWR-1,,,pg 86: plant Temp 22.59
9/21/2025 10:36,15.073,22.5612,Data Log(57).txt,EWR-1,,,pg 86: plant Temp 22.56
9/21/2025 10:44,22.4391,22.1672,Data Log(55).txt,EWT-2,plant,,
9/21/2025 10:44,21.2206,22.1746,Data Log(55).txt,EWT-2,plant,,
9/21/2025 10:44,22.4391,22.1672,Data Log(56).txt,EWT-2,plant,,
9/21/2025 10:44,21.2206,22.1746,Data Log(56).txt,EWT-2,plant,,
9/21/2025 10:48,21.8703,22.1938,Data Log(54).txt,EET-1,plant,,
9/21/2025 10:48,21.766,22.2011,Data Log(54).txt,EET-1,plant,,
9/21/2025 10:49,40.5845,22.3244,Data Log(54).txt,EET-1,thatch,2,
9/21/2025 10:50,40.5345,22.3939,Data Log(54).txt,EET-1,thatch,2,
9/21/2025 10:52,29.3813,22.833,Data Log(53).txt,EHT-XC5S,plant,,
9/21/2025 10:53,29.9699,22.8802,Data Log(53).txt,EHT-XC5S,plant,,
9/21/2025 10:53,30.7788,23.011,Data Log(53).txt,EHT-XC5S,plant,,
9/21/2025 10:55,39.5084,23.2294,Data Log(53).txt,EHT-XC5S,bare-thatch,8,
9/21/2025 10:55,39.2956,23.265,Data Log(53).txt,EHT-XC5S,bare-thatch,8,
9/21/2025 11:06,18.2804,23.6073,Data Log(52).txt,EET-2,plant,,
9/21/2025 11:06,17.8989,23.5332,Data Log(52).txt,EET-2,plant,,
9/21/2025 11:07,17.8829,23.46,Data Log(52).txt,EET-2,plant,,
9/21/2025 11:08,23.0241,23.1886,Data Log(52).txt,EET-2,thatch,35,
9/21/2025 11:08,22.8188,23.1416,Data Log(52).txt,EET-2,thatch,35,
9/21/2025 11:10,28.6635,22.8758,Data Log(51).txt,EHT-XA5S,plant,,
9/21/2025 11:11,31.314,22.9078,Data Log(51).txt,EHT-XA5S,plant,,
9/21/2025 11:11,30.8792,22.9584,Data Log(51).txt,EHT-XA5S,plant,,
9/21/2025 11:12,49.3393,23.1038,Data Log(51).txt,EHT-XA5S,bare-thatch,40,
9/21/2025 11:12,49.0774,23.1395,Data Log(51).txt,EHT-XA5S,bare-thatch,40,
9/21/2025 11:14,20.5885,23.4205,Data Log(50).txt,EWT-1,plant,,
9/21/2025 11:15,20.9485,23.417,Data Log(50).txt,EWT-1,plant,,
9/21/2025 11:39,-5.3548,22.7201,Data Log(49).txt,KER-2,sky,,
9/21/2025 11:39,-3.4165,22.6981,Data Log(49).txt,KER-2,sky,,
9/21/2025 11:39,-7.2589,22.6976,Data Log(49).txt,KER-2,sky,,
9/21/2025 11:40,13.3171,22.6183,Data Log(49).txt,KER-2,tinfoil,,
9/21/2025 11:41,13.5606,22.5933,Data Log(49).txt,KER-2,tinfoil,,
9/21/2025 11:41,18.8551,22.5445,Data Log(49).txt,KER-2,plant,,
9/21/2025 11:42,18.8625,22.5049,Data Log(49).txt,KER-2,plant,,
9/21/2025 11:43,26.1833,22.481,Data Log(49).txt,KER-2,thatch,5,
9/21/2025 11:43,25.6586,22.4773,Data Log(49).txt,KER-2,thatch,5,
9/21/2025 11:46,17.2899,22.3605,Data Log(48).txt,KWR-1,plant,,
9/21/2025 11:46,19.3854,22.3107,Data Log(48).txt,KWR-1,plant,,
9/21/2025 11:51,20.2945,22.3316,Data Log(47).txt,KHF-1,plant,,
9/21/2025 11:52,22.0143,22.3116,Data Log(47).txt,KHF-1,plant,,
9/21/2025 11:52,24.1283,22.3081,Data Log(47).txt,KHF-1,plant,,
9/21/2025 11:53,22.9049,22.3455,Data Log(47).txt,KHF-1,plant,,
9/21/2025 11:54,34.0137,22.3845,Data Log(47).txt,KHF-1,bare-thatch,40,
9/21/2025 11:55,33.329,22.4332,Data Log(47).txt,KHF-1,bare-thatch,40,
9/21/2025 11:57,19.4022,22.5064,Data Log(46).txt,KEF-1,plant,,
9/21/2025 11:57,20.4878,22.5101,Data Log(46).txt,KEF-1,plant,,
9/21/2025 11:58,17.9518,22.5344,Data Log(46).txt,KEF-1,thatch,2,
9/21/2025 11:58,19.2239,22.5327,Data Log(46).txt,KEF-1,thatch,2,
9/21/2025 12:10,15.988,21.6634,Data Log(45).txt,KWT-2,plant,0,almost no leaves
9/21/2025 12:11,15.8894,21.6045,Data Log(45).txt,KWT-2,plant,0,
9/21/2025 12:19,15.8792,20.418,Data Log(44).txt,KWT-1,plant,,
9/21/2025 12:19,15.8037,20.384,Data Log(44).txt,KWT-1,plant,,
9/21/2025 12:20,15.7091,20.1426,Data Log(44).txt,KWT-1,plant,,
9/21/2025 12:25,17.2147,19.3494,Data Log(43).txt,KET-1,plant,,
9/21/2025 12:25,17.3287,19.3297,Data Log(43).txt,KET-1,plant,,
9/21/2025 12:27,22.8676,19.2384,Data Log(43).txt,KET-1,thatch,5,
9/21/2025 12:27,22.4007,19.23,Data Log(43).txt,KET-1,thatch,5,
9/21/2025 12:29,19.555,19.0995,Data Log(42).txt,KHT-XE5S,plant,,
9/21/2025 12:29,19.565,19.0922,Data Log(42).txt,KHT-XE5S,plant,,
9/21/2025 12:31,21.4557,19.0685,Data Log(42).txt,KHT-XE5S,thatch,15,
9/21/2025 12:31,21.3253,19.0648,Data Log(42).txt,KHT-XE5S,thatch,15,
9/21/2025 12:37,17.4204,19.087,Data Log(41).txt,KER-1,plant,,
9/21/2025 12:37,17.5083,19.0821,Data Log(41).txt,KER-1,plant,,
9/21/2025 12:38,17.6135,19.0762,Data Log(41).txt,KER-1,plant,,
9/21/2025 12:39,21.233,19.0572,Data Log(41).txt,KER-1,thatch,10,
9/21/2025 12:39,21.4057,19.0559,Data Log(41).txt,KER-1,thatch,10,
9/21/2025 12:44,15.0707,19.1055,Data Log(40).txt,KHR-1,plant,,
9/21/2025 12:44,14.9635,19.0896,Data Log(40).txt,KHR-1,plant,,
9/21/2025 12:46,19.3876,19.0106,Data Log(40).txt,KHR-1,thatch,8,
9/21/2025 12:46,19.6893,19.0057,Data Log(40).txt,KHR-1,thatch,8,
10/19/2025 11:00,12.9552,19.6887,Data Log(39).txt,EHR-1,plant,88,
10/19/2025 11:00,13.0456,19.6673,Data Log(39).txt,EHR-1,plant,88,
10/19/2025 11:01,12.8798,19.6452,Data Log(39).txt,EHR-1,plant,88,
10/19/2025 11:01,-51.5668,19.5272,Data Log(39).txt,EHR-1,sky,,
10/19/2025 11:02,-49.4012,19.501,Data Log(39).txt,EHR-1,sky,,
10/19/2025 11:02,-49.6535,19.4862,Data Log(39).txt,EHR-1,sky,,
10/19/2025 11:04,2.3665,19.3637,Data Log(39).txt,EHR-1,tinfoil,,
10/19/2025 11:05,2.9548,19.383,Data Log(39).txt,EHR-1,tinfoil,,
10/19/2025 11:10,18.0587,19.603,Data Log(38).txt,EHR-1,bare-thatch,12,
10/19/2025 11:10,18.514,19.6424,Data Log(38).txt,EHR-1,bare-thatch,12,
10/19/2025 11:11,18.4778,19.6544,Data Log(38).txt,EHR-1,bare-thatch,12,
10/19/2025 11:17,19.3449,20.0222,Data Log(37).txt,EER-1,plant,97,
10/19/2025 11:17,19.5197,20.0106,Data Log(37).txt,EER-1,plant,97,
10/19/2025 11:17,19.4976,20.002,Data Log(37).txt,EER-1,plant,97,
10/19/2025 11:19,17.674,20.1103,Data Log(37).txt,EER-1,thatch,3,
10/19/2025 11:19,19.4109,20.1168,Data Log(37).txt,EER-1,thatch,3,
10/19/2025 11:20,17.8226,20.1352,Data Log(37).txt,EER-1,thatch,3,
10/19/2025 11:23,12.5165,19.6111,Data Log(36).txt,EWR-1,plant,4,
10/19/2025 11:23,12.94,19.4639,Data Log(36).txt,EWR-1,plant,4,
10/19/2025 11:24,12.1754,19.3783,Data Log(36).txt,EWR-1,plant,4,
10/19/2025 11:36,16.0875,17.7903,Data Log(35).txt,EWT-2,plant,0,no leaves
10/19/2025 11:36,16.2083,17.7274,Data Log(35).txt,EWT-2,plant,0,no leaves
10/19/2025 11:37,16.8761,17.6762,Data Log(35).txt,EWT-2,plant,0,no leaves
10/19/2025 11:38,18.9027,17.6005,Data Log(33).txt,EET-1,plant,97,
10/19/2025 11:38,18.9027,17.6005,Data Log(34).txt,EET-1,plant,97,
10/19/2025 11:39,19.1669,17.6631,Data Log(33).txt,EET-1,plant,97,
10/19/2025 11:39,18.0904,17.6873,Data Log(33).txt,EET-1,plant,97,
10/19/2025 11:39,19.1669,17.6631,Data Log(34).txt,EET-1,plant,97,
10/19/2025 11:39,18.0904,17.6873,Data Log(34).txt,EET-1,plant,97,
10/19/2025 11:43,27.4696,17.6413,Data Log(33).txt,EET-1,thatch,3,
10/19/2025 11:43,27.9853,17.6676,Data Log(33).txt,EET-1,thatch,3,
10/19/2025 11:43,27.4838,17.7026,Data Log(33).txt,EET-1,thatch,3,
10/19/2025 11:43,27.4696,17.6413,Data Log(34).txt,EET-1,thatch,3,
10/19/2025 11:43,27.9853,17.6676,Data Log(34).txt,EET-1,thatch,3,
10/19/2025 11:43,27.4838,17.7026,Data Log(34).txt,EET-1,thatch,3,
10/19/2025 11:46,22.2856,17.6051,Data Log(32).txt,EHT-XC5S,plant,80,
10/19/2025 11:47,23.0017,17.628,Data Log(32).txt,EHT-XC5S,plant,80,
10/19/2025 11:47,22.9005,17.6427,Data Log(32).txt,EHT-XC5S,plant,80,
10/19/2025 11:50,21.5364,17.9575,Data Log(32).txt,EHT-XC5S,bare-thatch,20,
10/19/2025 11:50,21.4559,17.9924,Data Log(32).txt,EHT-XC5S,bare-thatch,20,
10/19/2025 11:50,20.7459,18.0334,Data Log(32).txt,EHT-XC5S,bare-thatch,20,
10/19/2025 12:01,19.4034,17.1183,Data Log(31).txt,EET-2,plant,75,
10/19/2025 12:02,18.9502,17.1337,Data Log(31).txt,EET-2,plant,75,
10/19/2025 12:02,18.4347,17.1357,Data Log(31).txt,EET-2,plant,75,
10/19/2025 12:05,0,0,Data Log(31).txt,EET-2,,,
10/19/2025 12:06,28.5364,17.3557,Data Log(30).txt,EET-2,thatch,25,
10/19/2025 12:06,29.402,17.3881,Data Log(30).txt,EET-2,thatch,25,
10/19/2025 12:06,30.0377,17.4418,Data Log(30).txt,EET-2,thatch,25,
10/19/2025 12:08,23.0151,17.7125,Data Log(29).txt,EHT-XA5S,plant,75,
10/19/2025 12:08,23.1777,17.7419,Data Log(29).txt,EHT-XA5S,plant,75,
10/19/2025 12:09,23.4624,17.7879,Data Log(29).txt,EHT-XA5S,plant,75,
10/19/2025 12:10,25.3715,17.8626,Data Log(29).txt,EHT-XA5S,bare-thatch,25,
10/19/2025 12:10,26.5272,17.8722,Data Log(29).txt,EHT-XA5S,bare-thatch,25,
10/19/2025 12:11,27.1356,17.9312,Data Log(29).txt,EHT-XA5S,bare-thatch,25,
10/19/2025 12:13,11.6769,17.9703,Data Log(28).txt,EWT-1,plant,0,no leaves
10/19/2025 12:13,11.796,17.9492,Data Log(28).txt,EWT-1,plant,0,no leaves
10/19/2025 12:13,11.6769,17.9703,Data Log(27).txt,EWT-1,plant,0,no leaves
10/19/2025 12:13,11.796,17.9492,Data Log(27).txt,EWT-1,plant,0,no leaves
10/19/2025 12:14,11.1901,17.8965,Data Log(28).txt,EWT-1,plant,0,no leaves
10/19/2025 12:14,11.1901,17.8965,Data Log(27).txt,EWT-1,plant,0,no leaves
10/19/2025 12:48,20.5193,19.0007,Data Log(26).txt,KER-2,plant,85,
10/19/2025 12:48,19.2147,19.0119,Data Log(26).txt,KER-2,plant,85,
10/19/2025 12:48,18.8603,19.0185,Data Log(26).txt,KER-2,plant,85,
10/19/2025 12:51,33.1928,19.2261,Data Log(26).txt,KER-2,thatch,15,
10/19/2025 12:51,32.8317,19.2442,Data Log(26).txt,KER-2,thatch,15,
10/19/2025 12:51,33.6582,19.2616,Data Log(26).txt,KER-2,thatch,15,
10/19/2025 12:54,19.9898,19.7606,Data Log(25).txt,KWR-1,plant,0,no leaves
10/19/2025 12:54,19.7781,19.7832,Data Log(25).txt,KWR-1,plant,0,no leaves
10/19/2025 12:55,19.2914,19.8075,Data Log(25).txt,KWR-1,plant,0,no leaves
10/19/2025 12:55,-52.5529,19.8703,Data Log(25).txt,KWR-1,sky,,
10/19/2025 12:55,-52.2056,19.8867,Data Log(25).txt,KWR-1,sky,,
10/19/2025 12:56,5.1253,19.9722,Data Log(25).txt,KWR-1,tinfoil,,
10/19/2025 12:57,2.9657,20.0099,Data Log(25).txt,KWR-1,tinfoil,,
10/19/2025 12:57,2.7972,20.065,Data Log(25).txt,KWR-1,tinfoil,,
10/19/2025 13:05,19.0014,18.7231,Data Log(24).txt,KHF-1,plant,68,
10/19/2025 13:06,19.8154,18.729,Data Log(24).txt,KHF-1,plant,68,
10/19/2025 13:06,19.4919,18.7356,Data Log(24).txt,KHF-1,plant,68,
10/19/2025 13:09,19.8149,18.8168,Data Log(24).txt,KHF-1,bare-thatch,32,
10/19/2025 13:09,19.7304,18.8278,Data Log(24).txt,KHF-1,bare-thatch,32,
10/19/2025 13:09,19.0035,18.8472,Data Log(24).txt,KHF-1,bare-thatch,32,
10/19/2025 13:15,13.6658,18.6751,Data Log(23).txt,KEF-1,plant,100,
10/19/2025 13:15,12.3852,18.6285,Data Log(23).txt,KEF-1,plant,100,
10/19/2025 13:16,13.423,18.5589,Data Log(23).txt,KEF-1,plant,100,
10/19/2025 13:28,15.1745,16.2481,Data Log(22).txt,KWT-2,plant,0,no leaves/buds
10/19/2025 13:29,14.508,16.2843,Data Log(22).txt,KWT-2,plant,0,no leaves/buds
10/19/2025 13:29,14.3239,16.3015,Data Log(22).txt,KWT-2,plant,0,no leaves/buds
10/19/2025 13:36,11.6933,15.9509,Data Log(21).txt,KWT-1,plant,0,no leaves
10/19/2025 13:36,11.4797,15.9006,Data Log(21).txt,KWT-1,plant,0,no leaves
10/19/2025 13:37,11.2514,15.8264,Data Log(21).txt,KWT-1,plant,0,no leaves
10/19/2025 13:43,22.5135,15.8303,Data Log(20).txt,KHT-XE5S,plant,70,up/green 70/50
10/19/2025 13:44,23.1767,15.8514,Data Log(20).txt,KHT-XE5S,plant,70,up/green 70/51
10/19/2025 13:44,23.1754,15.8742,Data Log(20).txt,KHT-XE5S,plant,70,up/green 70/52
10/19/2025 13:47,22.7192,16.3397,Data Log(20).txt,KHT-XE5S,bare-thatch,30,
10/19/2025 13:47,22.8013,16.3748,Data Log(20).txt,KHT-XE5S,bare-thatch,30,
10/19/2025 13:47,22.4451,16.4009,Data Log(20).txt,KHT-XE5S,bare-thatch,30,
10/19/2025 13:49,19.1003,16.7508,Data Log(19).txt,KET-1,plant,90,
10/19/2025 13:50,19.9961,16.8188,Data Log(19).txt,KET-1,plant,90,
10/19/2025 13:50,20.4829,16.8378,Data Log(19).txt,KET-1,plant,90,
10/19/2025 13:54,30.4545,17.231,Data Log(19).txt,KET-1,thatch,10,
10/19/2025 13:54,30.4026,17.2634,Data Log(19).txt,KET-1,thatch,10,
10/19/2025 13:54,30.5872,17.2763,Data Log(19).txt,KET-1,thatch,10,
10/19/2025 14:04,22.6841,17.6055,Data Log(18).txt,KER-1,plant,100,
10/19/2025 14:04,22.8324,17.6346,Data Log(18).txt,KER-1,plant,100,
10/19/2025 14:04,23.1193,17.6556,Data Log(18).txt,KER-1,plant,100,
10/19/2025 14:07,22.7738,18.1803,Data Log(17).txt,KHR-1,plant,77,up/green 77/45
10/19/2025 14:08,22.7289,18.2063,Data Log(17).txt,KHR-1,plant,77,up/green 77/46
10/19/2025 14:08,22.7199,18.248,Data Log(17).txt,KHR-1,plant,77,up/green 77/47
10/19/2025 14:10,24.6819,18.7042,Data Log(17).txt,KHR-1,bare-thatch,23,
10/19/2025 14:10,25.5041,18.7404,Data Log(17).txt,KHR-1,bare-thatch,23,
10/19/2025 14:11,24.6514,18.7683,Data Log(17).txt,KHR-1,bare-thatch,23,
10/31/2025 11:18,12.8174,18.939,Data Log(16).txt,EHR-1,plant,90,
10/31/2025 11:18,13.1297,18.9363,Data Log(16).txt,EHR-1,plant,90,
10/31/2025 11:18,13.4676,18.9356,Data Log(16).txt,EHR-1,plant,90,
10/31/2025 11:21,12.7802,18.8651,Data Log(16).txt,EHR-1,bare-thatch,,
10/31/2025 11:22,12.1543,18.877,Data Log(16).txt,EHR-1,bare-thatch,,
10/31/2025 11:22,12.046,18.8957,Data Log(16).txt,EHR-1,bare-thatch,,
10/31/2025 11:23,-57.0067,19.054,Data Log(16).txt,EHR-1,sky,,
10/31/2025 11:23,-56.5001,19.0984,Data Log(16).txt,EHR-1,sky,,
10/31/2025 11:25,4.8493,19.2739,Data Log(16).txt,EHR-1,tinfoil,,
10/31/2025 11:25,3.9465,19.3159,Data Log(16).txt,EHR-1,tinfoil,,
10/31/2025 11:29,12.2907,18.6846,Data Log(15).txt,EER-1,plant,100,
10/31/2025 11:29,12.2611,18.6819,Data Log(15).txt,EER-1,plant,100,
10/31/2025 11:29,12.2816,18.6773,Data Log(15).txt,EER-1,plant,100,
10/31/2025 11:36,16.8692,17.6909,Data Log(14).txt,EET-1,plant,97,
10/31/2025 11:36,16.3681,17.6983,Data Log(14).txt,EET-1,plant,97,
10/31/2025 11:36,15.929,17.7024,Data Log(14).txt,EET-1,plant,97,
10/31/2025 11:36,16.8692,17.6909,Data Log(13).txt,EET-1,plant,97,
10/31/2025 11:36,16.3681,17.6983,Data Log(13).txt,EET-1,plant,97,
10/31/2025 11:36,15.929,17.7024,Data Log(13).txt,EET-1,plant,97,
10/31/2025 11:37,17.3701,17.7231,Data Log(14).txt,EET-1,thatch,3,
10/31/2025 11:37,17.3701,17.7231,Data Log(13).txt,EET-1,thatch,3,
10/31/2025 11:38,18.2232,17.726,Data Log(14).txt,EET-1,thatch,3,
10/31/2025 11:38,18.2232,17.726,Data Log(13).txt,EET-1,thatch,3,
10/31/2025 11:40,20.1049,17.948,Data Log(12).txt,EHT-XC5S,plant,78,
10/31/2025 11:41,20.3969,17.9646,Data Log(12).txt,EHT-XC5S,plant,78,
10/31/2025 11:41,20.2626,17.9849,Data Log(12).txt,EHT-XC5S,plant,78,
10/31/2025 11:42,33.2875,18.2158,Data Log(12).txt,EHT-XC5S,bare-thatch,20,
10/31/2025 11:43,33.2854,18.2446,Data Log(12).txt,EHT-XC5S,bare-thatch,20,
10/31/2025 11:53,19.284,16.1742,Data Log(11).txt,EET-2,plant,85,
10/31/2025 11:53,18.3852,16.1902,Data Log(11).txt,EET-2,plant,85,
10/31/2025 11:54,19.3127,16.2075,Data Log(11).txt,EET-2,plant,85,
10/31/2025 11:56,21.2729,16.5161,Data Log(11).txt,EET-2,bare-thatch,25,
10/31/2025 11:56,21.6202,16.6105,Data Log(11).txt,EET-2,bare-thatch,25,
10/31/2025 11:58,18.3555,16.9302,Data Log(10).txt,EHT-XA5S,plant,70,
10/31/2025 11:58,19.0116,16.9472,Data Log(10).txt,EHT-XA5S,plant,70,
10/31/2025 11:58,19.3779,16.9719,Data Log(10).txt,EHT-XA5S,plant,70,
10/31/2025 11:59,15.1117,17.1692,Data Log(10).txt,EHT-XA5S,bare-thatch,25,
10/31/2025 12:00,15.2523,17.1963,Data Log(10).txt,EHT-XA5S,bare-thatch,25,
10/31/2025 13:31,23.8191,27.446,Data Log(9).txt,KER-2,plant,80,
10/31/2025 13:31,24.3793,27.4065,Data Log(9).txt,KER-2,plant,80,
10/31/2025 13:31,24.6404,27.3638,Data Log(9).txt,KER-2,plant,80,
10/31/2025 13:31,23.8191,27.446,Data Log(8).txt,KER-2,plant,80,
10/31/2025 13:31,24.3793,27.4065,Data Log(8).txt,KER-2,plant,80,
10/31/2025 13:31,24.6404,27.3638,Data Log(8).txt,KER-2,plant,80,
10/31/2025 13:32,20.2047,27.1019,Data Log(9).txt,KER-2,bare-thatch,15,
10/31/2025 13:32,20.426,27.0672,Data Log(9).txt,KER-2,bare-thatch,15,
10/31/2025 13:32,20.2047,27.1019,Data Log(8).txt,KER-2,bare-thatch,15,
10/31/2025 13:32,20.426,27.0672,Data Log(8).txt,KER-2,bare-thatch,15,
10/31/2025 13:37,8.7651,25.8696,Data Log(7).txt,KHF-1,plant,60,semi-shade
10/31/2025 13:38,8.4123,25.6911,Data Log(7).txt,KHF-1,plant,60,semi-shade
10/31/2025 13:38,8.5815,25.5971,Data Log(7).txt,KHF-1,plant,60,semi-shade
10/31/2025 13:39,5.0502,25.141,Data Log(7).txt,KHF-1,bare-thatch,,semi-shade
10/31/2025 13:39,5.2716,25.0704,Data Log(7).txt,KHF-1,bare-thatch,,semi-shade
10/31/2025 13:40,13.681,24.6798,Data Log(7).txt,KHF-1,plant,,sun
10/31/2025 13:40,13.986,24.4964,Data Log(7).txt,KHF-1,plant,,sun
10/31/2025 13:41,14.0008,24.4196,Data Log(7).txt,KHF-1,plant,,sun
10/31/2025 13:42,10.5449,23.9704,Data Log(5).txt,KEF-1,plant,100,
10/31/2025 13:42,10.8709,23.8845,Data Log(5).txt,KEF-1,plant,100,
10/31/2025 13:42,10.8021,23.8251,Data Log(5).txt,KEF-1,plant,100,
10/31/2025 13:42,10.5449,23.9704,Data Log(6).txt,KEF-1,plant,100,
10/31/2025 13:42,10.8709,23.8845,Data Log(6).txt,KEF-1,plant,100,
10/31/2025 13:42,10.8021,23.8251,Data Log(6).txt,KEF-1,plant,100,
10/31/2025 13:59,23.494,20.9409,Data Log(4).txt,KET-1,plant,93,
10/31/2025 13:59,23.9903,20.9636,Data Log(4).txt,KET-1,plant,93,
10/31/2025 13:59,23.8713,20.9726,Data Log(4).txt,KET-1,plant,93,
10/31/2025 13:59,23.494,20.9409,Data Log(3).txt,KET-1,plant,93,
10/31/2025 13:59,23.9903,20.9636,Data Log(3).txt,KET-1,plant,93,
10/31/2025 13:59,23.8713,20.9726,Data Log(3).txt,KET-1,plant,93,
10/31/2025 14:01,35.5813,21.1173,Data Log(4).txt,KET-1,bare-thatch,10,
10/31/2025 14:01,35.7132,21.1435,Data Log(4).txt,KET-1,bare-thatch,10,
10/31/2025 14:01,35.5813,21.1173,Data Log(3).txt,KET-1,bare-thatch,10,
10/31/2025 14:01,35.7132,21.1435,Data Log(3).txt,KET-1,bare-thatch,10,
10/31/2025 14:04,24.6868,21.4561,Data Log(2).txt,KHT-XE5S,plant,75,
10/31/2025 14:04,24.4228,21.4926,Data Log(2).txt,KHT-XE5S,plant,75,
10/31/2025 14:05,24.4121,21.5323,Data Log(2).txt,KHT-XE5S,plant,75,
10/31/2025 14:06,25.9932,21.6715,Data Log(2).txt,KHT-XE5S,bare-thatch,30,
10/31/2025 14:06,27.5042,21.6894,Data Log(2).txt,KHT-XE5S,bare-thatch,30,
10/31/2025 14:13,24.2574,21.9533,Data Log(1).txt,KER-1,plant,95,
10/31/2025 14:13,24.3872,21.9821,Data Log(1).txt,KER-1,plant,95,
10/31/2025 14:13,24.471,22.0288,Data Log(1).txt,KER-1,plant,95,
10/31/2025 14:15,31.1091,22.1659,Data Log(1).txt,KER-1,bare-thatch,,
10/31/2025 14:15,30.8517,22.1929,Data Log(1).txt,KER-1,bare-thatch,,
10/31/2025 14:15,30.5375,22.223,Data Log(1).txt,KER-1,bare-thatch,,
10/31/2025 14:18,24.8062,22.4932,Data Log.txt,KHR-1,plant,80,
10/31/2025 14:19,24.8032,22.5218,Data Log.txt,KHR-1,plant,80,
10/31/2025 14:19,22.6813,22.595,Data Log.txt,KHR-1,plant,80,
10/31/2025 14:19,22.9045,22.6174,Data Log.txt,KHR-1,plant,80,
10/31/2025 14:21,22.4028,22.7669,Data Log.txt,KHR-1,bare-thatch,23,
10/31/2025 14:22,24.6877,22.8674,Data Log.txt,KHR-1,bare-thatch,23,
10/31/2025 14:22,23.4711,22.9047,Data Log.txt,KHR-1,bare-thatch,23,
