well_id,timestamp,welltop_to_water,logger_binary,water_binary,meter_id
EHR-1,5/31/18 8:30,81.28,NaN,1,v1
EER-1,5/31/18 8:40,92.71,NaN,1,v1
EER-1,5/31/18 8:40,93.98,NaN,1,v1
EER-1,5/31/18 8:40,91.44,NaN,1,v1
EFF-XA2N,5/31/18 8:55,52.705,NaN,1,v1
EFF-XA2N,5/31/18 8:55,48.895,NaN,1,v1
EFF-XA2N,5/31/18 8:55,48.5775,NaN,1,v1
EWR-1,6/1/18 6:10,92.075,NaN,1,v1
EWR-1,6/1/18 6:10,93.0275,NaN,1,v1
EWR-1,6/1/18 6:10,92.075,NaN,1,v1
EWF-XA2S,6/1/18 6:24,107.95,NaN,1,v1
EWF-XA2S,6/1/18 6:24,106.68,NaN,1,v1
EWF-XA2S,6/1/18 6:24,92.075,NaN,1,v1
EHF-XA3S,6/1/18 6:40,66.675,NaN,1,v1
EHF-XA3S,6/1/18 6:40,66.04,NaN,1,v1
EHF-XA3S,6/1/18 6:40,65.405,NaN,1,v1
EHT-XA5S,6/1/18 6:43,33.655,NaN,1,v1
EHT-XA5S,6/1/18 6:43,34.925,NaN,1,v1
EHT-XA5S,6/1/18 6:43,33.9725,NaN,1,v1
EWT-1,6/1/18 6:50,89.789,NaN,1,v1
EWT-1,6/1/18 6:50,90.4875,NaN,1,v1
EWT-1,6/1/18 6:50,88.265,NaN,1,v1
EFR-XB1S,6/1/18 7:40,121.92,NaN,1,v1
EFR-XB1S,6/1/18 7:40,122.555,NaN,1,v1
EFR-XB1S,6/1/18 7:40,122.555,NaN,1,v1
EHT-XB5S,6/1/18 7:41,39.6875,NaN,1,v1
EHT-XB5S,6/1/18 7:41,38.4175,NaN,1,v1
EHT-XB5S,6/1/18 7:41,38.735,NaN,1,v1
EEF-1,6/1/18 7:45,60.96,NaN,1,v1
EEF-1,6/1/18 7:45,60.96,NaN,1,v1
EEF-1,6/1/18 7:45,61.595,NaN,1,v1
EET-1,6/1/18 7:56,66.04,NaN,1,v1
EET-1,6/1/18 7:56,65.0875,NaN,1,v1
EET-1,6/1/18 7:56,64.77,NaN,1,v1
EHT-XC6S,6/1/18 8:00,NaN,NaN,0,nw
KHT-XD6N,6/1/18 8:32,71.12,NaN,1,v1
KHT-XD6N,6/1/18 8:32,71.755,NaN,1,v1
KHT-XD6N,6/1/18 8:32,69.85,NaN,1,v1
KHR-XD2N,6/1/18 8:40,97.4725,NaN,1,v1
KHR-XD2N,6/1/18 8:40,98.1075,NaN,1,v1
KHR-XD2N,6/1/18 8:40,97.79,NaN,1,v1
KHT-XD3S,6/1/18 8:41,104.4575,NaN,1,v1
KHT-XD3S,6/1/18 8:41,104.4575,NaN,1,v1
KHT-XD3S,6/1/18 8:41,104.775,NaN,1,v1
KHF-XD4S,6/1/18 8:45,97.4725,NaN,1,v1
KHF-XD4S,6/1/18 8:45,96.8375,NaN,1,v1
KHF-XD4S,6/1/18 8:45,96.8375,NaN,1,v1
KFF-XD6S,6/1/18 8:50,66.04,NaN,1,v1
KFF-XD6S,6/1/18 8:50,66.3575,NaN,1,v1
KFF-XD6S,6/1/18 8:50,66.04,NaN,1,v1
KFF-XE8S,6/1/18 9:13,85.09,NaN,1,v1
KFF-XE8S,6/1/18 9:13,94.9325,NaN,1,v1
KFF-XE8S,6/1/18 9:13,95.885,NaN,1,v1
KHT-XE6S,6/1/18 9:14,43.18,NaN,1,v1
KHT-XE6S,6/1/18 9:14,43.18,NaN,1,v1
KHT-XE6S,6/1/18 9:14,43.18,NaN,1,v1
KFR-XE2S,6/1/18 9:15,60.96,NaN,1,v1
KFR-XE2S,6/1/18 9:15,60.6425,NaN,1,v1
KFR-XE2S,6/1/18 9:15,60.325,NaN,1,v1
KHT-XE5S,6/1/18 9:15,61.2775,NaN,1,v1
KHT-XE5S,6/1/18 9:15,61.595,NaN,1,v1
KHT-XE5S,6/1/18 9:15,62.23,NaN,1,v1
KFR-XE1S,6/1/18 9:23,104.14,NaN,1,v1
KFR-XE1S,6/1/18 9:23,104.4575,NaN,1,v1
KFR-XE1S,6/1/18 9:23,104.14,NaN,1,v1
KHR-XE2N,6/1/18 9:30,99.06,NaN,1,v1
KHR-XE2N,6/1/18 9:30,98.7425,NaN,1,v1
KHR-XE2N,6/1/18 9:30,99.06,NaN,1,v1
EHR-1,6/18/18 7:17,95.885,NaN,1,v1
EHR-1,6/18/18 7:17,95.885,NaN,1,v1
EHR-1,6/18/18 7:17,96.52,NaN,1,v1
EER-1,6/18/18 7:21,104.14,NaN,1,v1
EER-1,6/18/18 7:21,105.41,NaN,1,v1
EER-1,6/18/18 7:21,104.775,NaN,1,v1
EWR-1,6/18/18 7:26,96.52,NaN,1,v1
EWR-1,6/18/18 7:26,98.425,NaN,1,v1
EWR-1,6/18/18 7:26,99.695,NaN,1,v1
EFF-XA2N,6/18/18 7:35,57.15,NaN,1,v1
EFF-XA2N,6/18/18 7:35,57.15,NaN,1,v1
EFF-XA2N,6/18/18 7:35,57.785,NaN,1,v1
EFR-XB1S,6/18/18 7:56,127.3175,NaN,1,v1
EFR-XB1S,6/18/18 7:56,128.27,NaN,1,v1
EFR-XB1S,6/18/18 7:56,128.5875,NaN,1,v1
EHF-XA3S,6/18/18 8:07,67.31,NaN,1,v1
EHF-XA3S,6/18/18 8:07,67.31,NaN,1,v1
EHF-XA3S,6/18/18 8:07,67.945,NaN,1,v1
EWF-XA2S,6/18/18 8:10,111.76,NaN,1,v1
EWF-XA2S,6/18/18 8:10,111.76,NaN,1,v1
EWF-XA2S,6/18/18 8:10,111.76,NaN,1,v1
EHT-XA5S,6/18/18 8:13,70.8025,NaN,1,v1
EHT-XA5S,6/18/18 8:13,71.12,NaN,1,v1
EHT-XA5S,6/18/18 8:13,71.12,NaN,1,v1
EWT-1,6/18/18 8:19,128.27,NaN,1,v1
EWT-1,6/18/18 8:19,128.5875,NaN,1,v1
EWT-1,6/18/18 8:19,128.905,NaN,1,v1
EHT-XB5S,6/18/18 8:27,83.82,NaN,1,v1
EHT-XB5S,6/18/18 8:27,84.1375,NaN,1,v1
EHT-XB5S,6/18/18 8:27,84.455,NaN,1,v1
EEF-1,6/18/18 8:32,57.4675,NaN,1,v1
EEF-1,6/18/18 8:32,57.4675,NaN,1,v1
EEF-1,6/18/18 8:32,57.785,NaN,1,v1
EET-1,6/18/18 8:38,105.0925,NaN,1,v1
EET-1,6/18/18 8:38,104.14,NaN,1,v1
EET-1,6/18/18 8:38,104.775,NaN,1,v1
EHT-XC6S,6/18/18 8:42,NaN,NaN,0,nw
KHT-XD6N,6/19/18 8:04,113.03,NaN,1,v1
KHT-XD6N,6/19/18 8:04,113.9825,NaN,1,v1
KHT-XD6N,6/19/18 8:04,112.7125,NaN,1,v1
KHR-XD2N,6/19/18 8:08,110.49,NaN,1,v1
KHR-XD2N,6/19/18 8:08,111.125,NaN,1,v1
KHR-XD2N,6/19/18 8:08,111.125,NaN,1,v1
KFF-XD6S,6/19/18 8:23,82.55,NaN,1,v1
KFF-XD6S,6/19/18 8:23,84.7725,NaN,1,v1
KFF-XD6S,6/19/18 8:23,86.0425,NaN,1,v1
KWT-1,6/19/18 8:34,112.7125,NaN,1,v1
KWT-1,6/19/18 8:34,113.03,NaN,1,v1
KWT-1,6/19/18 8:34,113.3475,NaN,1,v1
KFF-XE8S,6/19/18 8:49,99.695,NaN,1,v1
KFF-XE8S,6/19/18 8:49,100.33,NaN,1,v1
KFF-XE8S,6/19/18 8:49,100.33,NaN,1,v1
KHT-XE5S,6/19/18 8:55,83.82,NaN,1,v1
KHT-XE5S,6/19/18 8:55,84.1375,NaN,1,v1
KHT-XE5S,6/19/18 8:55,84.455,NaN,1,v1
KER-1,6/19/18 8:56,90.4875,NaN,1,v1
KER-1,6/19/18 8:56,90.17,NaN,1,v1
KER-1,6/19/18 8:56,90.4875,NaN,1,v1
KHR-XE2N,6/19/18 8:58,104.14,NaN,1,v1
KHR-XE2N,6/19/18 8:58,104.14,NaN,1,v1
KHR-XE2N,6/19/18 8:58,104.4575,NaN,1,v1
KHT-XE6S,6/19/18 8:58,62.5475,NaN,1,v1
KHT-XE6S,6/19/18 8:58,62.23,NaN,1,v1
KHT-XE6S,6/19/18 8:58,62.865,NaN,1,v1
KFR-XE2S,6/19/18 8:59,63.5,NaN,1,v1
KFR-XE2S,6/19/18 8:59,62.865,NaN,1,v1
KFR-XE2S,6/19/18 8:59,62.865,NaN,1,v1
KFR-XE1S,6/19/18 9:00,112.395,NaN,1,v1
KFR-XE1S,6/19/18 9:00,113.3475,NaN,1,v1
KFR-XE1S,6/19/18 9:00,113.03,NaN,1,v1
EHR-1,6/30/18 8:15,110.8075,NaN,1,v1
EHR-1,6/30/18 8:15,111.4425,NaN,1,v1
EHR-1,6/30/18 8:15,110.49,NaN,1,v1
EER-1,6/30/18 8:20,114.935,NaN,1,v1
EER-1,6/30/18 8:20,113.03,NaN,1,v1
EER-1,6/30/18 8:20,113.3475,NaN,1,v1
EWR-1,6/30/18 8:25,105.7275,NaN,1,v1
EWR-1,6/30/18 8:25,105.7275,NaN,1,v1
EWR-1,6/30/18 8:25,105.7275,NaN,1,v1
EFF-XA2N,6/30/18 8:31,66.3575,NaN,1,v1
EFF-XA2N,6/30/18 8:31,66.04,NaN,1,v1
EFF-XA2N,6/30/18 8:31,65.405,NaN,1,v1
EWF-XA2S,6/30/18 8:40,131.445,NaN,1,v1
EWF-XA2S,6/30/18 8:40,132.08,NaN,1,v1
EWF-XA2S,6/30/18 8:40,132.08,NaN,1,v1
EHF-XA3S,6/30/18 8:45,82.8675,NaN,1,v1
EHF-XA3S,6/30/18 8:45,83.82,NaN,1,v1
EHF-XA3S,6/30/18 8:45,84.1375,NaN,1,v1
EHT-XA5S,6/30/18 8:47,101.9175,NaN,1,v1
EHT-XA5S,6/30/18 8:47,102.87,NaN,1,v1
EHT-XA5S,6/30/18 8:47,102.87,NaN,1,v1
EWT-1,6/30/18 8:50,145.415,NaN,1,v1
EWT-1,6/30/18 8:50,146.3675,NaN,1,v1
EWT-1,6/30/18 8:50,143.51,NaN,1,v1
EEF-1,6/30/18 8:55,60.96,NaN,1,v1
EEF-1,6/30/18 8:55,60.96,NaN,1,v1
EEF-1,6/30/18 8:55,60.96,NaN,1,v1
EET-1,6/30/18 9:00,142.24,NaN,1,v1
EET-1,6/30/18 9:00,142.24,NaN,1,v1
EET-1,6/30/18 9:00,142.5575,NaN,1,v1
EHT-XB5S,6/30/18 9:05,109.22,NaN,1,v1
EHT-XB5S,6/30/18 9:05,109.855,NaN,1,v1
EHT-XB5S,6/30/18 9:05,109.855,NaN,1,v1
EFR-XB1S,6/30/18 9:10,129.54,NaN,1,v1
EFR-XB1S,6/30/18 9:10,130.4925,NaN,1,v1
EFR-XB1S,6/30/18 9:10,133.985,NaN,1,v1
KHT-XD6N,7/1/18 6:22,140.0175,NaN,1,v1
KHT-XD6N,7/1/18 6:22,140.335,NaN,1,v1
KHT-XD6N,7/1/18 6:22,140.335,NaN,1,v1
KER-1,7/1/18 6:30,109.22,NaN,1,v1
KER-1,7/1/18 6:30,109.22,NaN,1,v1
KER-1,7/1/18 6:30,109.22,NaN,1,v1
KHR-XD2N,7/1/18 6:37,124.7775,NaN,1,v1
KHR-XD2N,7/1/18 6:37,125.095,NaN,1,v1
KHR-XD2N,7/1/18 6:37,125.095,NaN,1,v1
KFF-XD6S,7/1/18 6:47,133.35,NaN,1,v1
KFF-XD6S,7/1/18 6:47,133.35,NaN,1,v1
KFF-XD6S,7/1/18 6:47,133.35,NaN,1,v1
KWT-1,7/1/18 6:52,134.3025,NaN,1,v1
KWT-1,7/1/18 6:52,134.9375,NaN,1,v1
KWT-1,7/1/18 6:52,134.9375,NaN,1,v1
KFF-XE8S,7/1/18 7:04,123.19,NaN,1,v1
KFF-XE8S,7/1/18 7:04,122.555,NaN,1,v1
KFF-XE8S,7/1/18 7:04,122.2375,NaN,1,v1
KHT-XE6S,7/1/18 7:10,112.395,NaN,1,v1
KHT-XE6S,7/1/18 7:10,112.395,NaN,1,v1
KHT-XE6S,7/1/18 7:10,112.7125,NaN,1,v1
KHT-XE5S,7/1/18 7:30,127,NaN,1,v1
KHT-XE5S,7/1/18 7:30,127.635,NaN,1,v1
KHT-XE5S,7/1/18 7:30,127,NaN,1,v1
KHT-XE4S,7/1/18 7:40,120.015,NaN,1,v1
KHT-XE4S,7/1/18 7:40,120.3325,NaN,1,v1
KHT-XE4S,7/1/18 7:40,119.6975,NaN,1,v1
KFR-XE2S,7/1/18 7:45,61.2775,NaN,1,v1
KFR-XE2S,7/1/18 7:45,61.9125,NaN,1,v1
KFR-XE2S,7/1/18 7:45,62.23,NaN,1,v1
KFR-XE1S,7/1/18 7:50,115.8875,NaN,1,v1
KFR-XE1S,7/1/18 7:50,115.8875,NaN,1,v1
KFR-XE1S,7/1/18 7:50,115.8875,NaN,1,v1
KWR-XE1N,7/1/18 8:00,126.6825,NaN,1,v1
KWR-XE1N,7/1/18 8:00,127,NaN,1,v1
KWR-XE1N,7/1/18 8:00,127.3175,NaN,1,v1
KHR-XE2N,7/1/18 8:04,106.68,NaN,1,v1
KHR-XE2N,7/1/18 8:04,106.68,NaN,1,v1
KHR-XE2N,7/1/18 8:04,106.68,NaN,1,v1
KEF-1,7/1/18 8:14,54.9275,NaN,1,v1
KEF-1,7/1/18 8:14,54.9275,NaN,1,v1
KEF-1,7/1/18 8:14,55.245,NaN,1,v1
KHF-1,7/1/18 8:18,128.5875,NaN,1,v1
KHF-1,7/1/18 8:18,128.905,NaN,1,v1
KHF-1,7/1/18 8:18,128.905,NaN,1,v1
KWF-1,7/1/18 8:25,120.65,NaN,1,v1
KWF-1,7/1/18 8:25,121.285,NaN,1,v1
KWF-1,7/1/18 8:25,121.6025,NaN,1,v1
KWR-1,7/1/18 8:30,93.98,NaN,1,v1
KWR-1,7/1/18 8:30,93.6625,NaN,1,v1
KWR-1,7/1/18 8:30,93.98,NaN,1,v1
KHF-XD4S,7/1/18 8:35,NaN,NaN,0,nw
EHR-1,7/16/18 7:52,116.9,NaN,1,v2
EHR-1,7/16/18 7:52,118,NaN,1,v2
EHR-1,7/16/18 7:52,119.5,NaN,1,v2
EER-1,7/16/18 7:57,117.5,NaN,1,v2
EER-1,7/16/18 7:57,117.7,NaN,1,v2
EER-1,7/16/18 7:57,117.9,NaN,1,v2
EFR-XB2S,7/16/18 7:57,NaN,NaN,0,nw
EFR-XB3S,7/16/18 7:58,NaN,NaN,0,nw
EWR-1,7/16/18 8:01,106.7,NaN,1,v2
EWR-1,7/16/18 8:01,106.8,NaN,1,v2
EWR-1,7/16/18 8:01,107,NaN,1,v2
EFF-XA2N,7/16/18 8:10,70.5,NaN,1,v2
EFF-XA2N,7/16/18 8:10,71.5,NaN,1,v2
EFF-XA2N,7/16/18 8:10,71.6,NaN,1,v2
EWF-XA2S,7/16/18 8:16,143.3,NaN,1,v2
EWF-XA2S,7/16/18 8:16,144,NaN,1,v2
EWF-XA2S,7/16/18 8:16,144.3,NaN,1,v2
EHF-XA3S,7/16/18 8:19,114.4,NaN,1,v2
EHF-XA3S,7/16/18 8:19,114.5,NaN,1,v2
EHF-XA3S,7/16/18 8:19,114.4,NaN,1,v2
EHT-XA5S,7/16/18 8:25,140,NaN,1,v2
EHT-XA5S,7/16/18 8:25,140.9,NaN,1,v2
EHT-XA5S,7/16/18 8:25,140.4,NaN,1,v2
EWT-1,7/16/18 8:29,147.7,NaN,1,v2
EWT-1,7/16/18 8:29,147.8,NaN,1,v2
EWT-1,7/16/18 8:29,148,NaN,1,v2
EEF-1,7/16/18 8:40,72.5,NaN,1,v2
EEF-1,7/16/18 8:40,72.5,NaN,1,v2
EEF-1,7/16/18 8:40,72.5,NaN,1,v2
EET-1,7/16/18 8:47,144.9,NaN,1,v2
EET-1,7/16/18 8:47,144.9,NaN,1,v2
EET-1,7/16/18 8:47,145,NaN,1,v2
EHT-XB5S,7/16/18 8:52,129.5,NaN,1,v2
EHT-XB5S,7/16/18 8:52,129.6,NaN,1,v2
EHT-XB5S,7/16/18 8:52,129.4,NaN,1,v2
EFR-XB1S,7/16/18 8:54,133,NaN,1,v2
EFR-XB1S,7/16/18 8:54,133.4,NaN,1,v2
EFR-XB1S,7/16/18 8:54,133.9,NaN,1,v2
EHT-XB4S,7/16/18 9:11,138.4,NaN,1,v2
EHT-XB4S,7/16/18 9:11,138.5,NaN,1,v2
EHT-XB4S,7/16/18 9:11,138.6,NaN,1,v2
EHR-XB1N,7/16/18 9:16,137.4,NaN,1,v2
EHR-XB1N,7/16/18 9:16,137.4,NaN,1,v2
EHR-XB1N,7/16/18 9:16,137.7,NaN,1,v2
EFR-XB2N,7/16/18 9:19,57,NaN,1,v2
EFR-XB2N,7/16/18 9:19,57,NaN,1,v2
EFR-XB2N,7/16/18 9:19,57,NaN,1,v2
EFR-XB3N,7/16/18 9:21,84.4,NaN,1,v2
EFR-XB3N,7/16/18 9:21,84.7,NaN,1,v2
EFR-XB3N,7/16/18 9:21,85,NaN,1,v2
EWR-XB4N,7/16/18 9:24,76.8,NaN,1,v2
EWR-XB4N,7/16/18 9:24,76.6,NaN,1,v2
EWR-XB4N,7/16/18 9:24,76.5,NaN,1,v2
KHT-XD6N,7/17/18 7:29,NaN,NaN,0,nw
KER-1,7/17/18 7:35,135.9,NaN,1,v2
KER-1,7/17/18 7:35,136.4,NaN,1,v2
KER-1,7/17/18 7:35,136.6,NaN,1,v2
KHR-XD2N,7/17/18 7:41,128.6,NaN,1,v2
KHR-XD2N,7/17/18 7:41,130,NaN,1,v2
KHR-XD2N,7/17/18 7:41,130.2,NaN,1,v2
KFF-XD6S,7/17/18 7:45,NaN,NaN,0,nw
KWT-1,7/17/18 7:55,NaN,NaN,0,nw
KFF-XE8S,7/17/18 7:59,NaN,NaN,0,nw
KHT-XE6S,7/17/18 8:03,NaN,NaN,0,nw
KHT-XE5S,7/17/18 8:07,145,NaN,1,v2
KHT-XE5S,7/17/18 8:07,145.1,NaN,1,v2
KHT-XE5S,7/17/18 8:07,145,NaN,1,v2
KHT-XE4S,7/17/18 8:11,134.7,NaN,1,v2
KHT-XE4S,7/17/18 8:11,134.8,NaN,1,v2
KHT-XE4S,7/17/18 8:11,134.8,NaN,1,v2
KFR-XE2S,7/17/18 8:15,63.5,NaN,1,v2
KFR-XE2S,7/17/18 8:15,63.5,NaN,1,v2
KFR-XE2S,7/17/18 8:15,63.5,NaN,1,v2
KFR-XE1S,7/17/18 8:17,119.3,NaN,1,v2
KFR-XE1S,7/17/18 8:17,119.9,NaN,1,v2
KFR-XE1S,7/17/18 8:17,119.4,NaN,1,v2
KER-XE3S,7/17/18 8:20,-5.5,NaN,1,nm
KWR-XE1N,7/17/18 8:21,129.8,NaN,1,v2
KWR-XE1N,7/17/18 8:21,129.6,NaN,1,v2
KWR-XE1N,7/17/18 8:21,130,NaN,1,v2
KHR-XE2N,7/17/18 8:24,108.9,NaN,1,v2
KHR-XE2N,7/17/18 8:24,108.8,NaN,1,v2
KHR-XE2N,7/17/18 8:24,109,NaN,1,v2
KEF-1,7/17/18 8:38,55.5,NaN,1,v2
KEF-1,7/17/18 8:38,55.6,NaN,1,v2
KEF-1,7/17/18 8:38,55.8,NaN,1,v2
KHF-1,7/17/18 8:41,147.6,NaN,1,v2
KHF-1,7/17/18 8:41,147.7,NaN,1,v2
KHF-1,7/17/18 8:41,147.8,NaN,1,v2
KWF-1,7/17/18 8:46,140.5,NaN,1,v2
KWF-1,7/17/18 8:46,140.7,NaN,1,v2
KWF-1,7/17/18 8:46,140.7,NaN,1,v2
KWR-1,7/17/18 8:51,100,NaN,1,v2
KWR-1,7/17/18 8:51,100.5,NaN,1,v2
KWR-1,7/17/18 8:51,100.9,NaN,1,v2
EHR-1,7/25/18 7:21,117.6,NaN,1,v2
EHR-1,7/25/18 7:21,117.8,NaN,1,v2
EHR-1,7/25/18 7:21,118,NaN,1,v2
EER-1,7/25/18 7:25,116.5,1,1,v2
EER-1,7/25/18 7:25,116.7,NaN,1,v2
EER-1,7/25/18 7:25,117.3,NaN,1,v2
EWR-1,7/25/18 7:28,108,1,1,v2
EWR-1,7/25/18 7:28,108.4,NaN,1,v2
EWR-1,7/25/18 7:28,108.6,NaN,1,v2
EFF-XA2N,7/25/18 7:36,71.1,NaN,1,v2
EFF-XA2N,7/25/18 7:36,71.4,NaN,1,v2
EFF-XA2N,7/25/18 7:36,71.9,NaN,1,v2
EWF-XA2S,7/25/18 7:42,NaN,1,0,nw
EHF-XA3S,7/25/18 7:45,140,NaN,1,v2
EHF-XA3S,7/25/18 7:45,140,NaN,1,v2
EHF-XA3S,7/25/18 7:45,140.7,NaN,1,v2
EHT-XA5S,7/25/18 7:51,NaN,1,0,nw
EWT-1,7/25/18 8:00,148,NaN,1,v2
EWT-1,7/25/18 8:00,148,NaN,1,v2
EWT-1,7/25/18 8:00,148,NaN,1,v2
EHT-XB5S,7/25/18 8:08,144.3,NaN,1,v2
EHT-XB5S,7/25/18 8:08,144.5,NaN,1,v2
EHT-XB5S,7/25/18 8:08,144.4,NaN,1,v2
EEF-1,7/25/18 8:16,80,1,1,v2
EEF-1,7/25/18 8:16,80,NaN,1,v2
EEF-1,7/25/18 8:16,79.8,NaN,1,v2
EET-1,7/25/18 8:25,NaN,1,0,nw
EFR-XB1S,7/25/18 8:41,131.5,NaN,1,v2
EFR-XB1S,7/25/18 8:41,132,NaN,1,v2
EFR-XB1S,7/25/18 8:41,132.3,NaN,1,v2
EHR-XB1N,7/25/18 8:45,135.9,NaN,1,v2
EHR-XB1N,7/25/18 8:45,135.5,NaN,1,v2
EHR-XB1N,7/25/18 8:45,136.4,NaN,1,v2
EFR-XB2N,7/25/18 8:50,56.4,NaN,1,v2
EFR-XB2N,7/25/18 8:50,56.4,NaN,1,v2
EFR-XB2N,7/25/18 8:50,56.4,NaN,1,v2
EFR-XB3N,7/25/18 8:52,83,NaN,1,v2
EFR-XB3N,7/25/18 8:52,83.9,NaN,1,v2
EFR-XB3N,7/25/18 8:52,83.8,NaN,1,v2
EWR-XB4N,7/25/18 8:55,77,NaN,1,v2
EWR-XB4N,7/25/18 8:55,77,NaN,1,v2
EWR-XB4N,7/25/18 8:55,77.3,NaN,1,v2
KHT-XD6N,7/27/18 8:02,NaN,NaN,0,nw
KER-1,7/27/18 8:06,142.4,1,1,v2
KER-1,7/27/18 8:06,142.3,NaN,1,v2
KER-1,7/27/18 8:06,142.2,NaN,1,v2
KHR-XD2N,7/27/18 8:09,128.2,NaN,1,v2
KHR-XD2N,7/27/18 8:09,128.1,NaN,1,v2
KHR-XD2N,7/27/18 8:09,128.4,NaN,1,v2
KHF-XD4S,7/27/18 8:11,NaN,NaN,0,nw
KFF-XD6S,7/27/18 8:12,NaN,NaN,0,nw
KWT-1,7/27/18 8:14,NaN,NaN,0,nw
KFF-XE8S,7/27/18 8:16,NaN,NaN,0,nw
KHT-XE6S,7/27/18 8:18,NaN,NaN,0,nw
KHT-XE5S,7/27/18 8:21,144.8,1,1,v2
KHT-XE5S,7/27/18 8:21,145,NaN,1,v2
KHT-XE5S,7/27/18 8:21,145,NaN,1,v2
KHT-XE4S,7/27/18 8:23,136.6,NaN,1,v2
KHT-XE4S,7/27/18 8:23,136.6,NaN,1,v2
KHT-XE4S,7/27/18 8:23,136.5,NaN,1,v2
KER-XE3S,7/27/18 8:25,-6,NaN,1,nm
KFR-XE2S,7/27/18 8:26,64.2,NaN,1,v2
KFR-XE2S,7/27/18 8:26,64.5,NaN,1,v2
KFR-XE2S,7/27/18 8:26,64.5,NaN,1,v2
KFR-XE1S,7/27/18 8:28,120.4,1,1,v2
KFR-XE1S,7/27/18 8:28,120.5,NaN,1,v2
KFR-XE1S,7/27/18 8:28,120.6,NaN,1,v2
KWR-XE1N,7/27/18 8:30,131.2,NaN,1,v2
KWR-XE1N,7/27/18 8:30,131.3,NaN,1,v2
KWR-XE1N,7/27/18 8:30,131.3,NaN,1,v2
KHR-XE2N,7/27/18 8:32,109.2,NaN,1,v2
KHR-XE2N,7/27/18 8:32,109.3,NaN,1,v2
KHR-XE2N,7/27/18 8:32,109.3,NaN,1,v2
KEF-1,7/27/18 8:44,54.2,1,1,v2
KEF-1,7/27/18 8:44,54.4,NaN,1,v2
KEF-1,7/27/18 8:44,54.5,NaN,1,v2
KHF-1,7/27/18 8:47,NaN,NaN,0,nw
KWF-1,7/27/18 8:51,141.5,1,1,v2
KWF-1,7/27/18 8:51,141.9,NaN,1,v2
KWF-1,7/27/18 8:51,142,NaN,1,v2
KWR-1,7/27/18 8:57,102.2,1,1,v2
KWR-1,7/27/18 8:57,102.5,NaN,1,v2
KWR-1,7/27/18 8:57,102.5,NaN,1,v2
EHR-1,8/10/18 6:32,119.7,NaN,1,v3
EHR-1,8/10/18 6:32,120.5,NaN,1,v3
EHR-1,8/10/18 6:32,123.5,NaN,1,v3
EER-1,8/10/18 6:35,117.5,NaN,1,v3
EER-1,8/10/18 6:35,118,NaN,1,v3
EER-1,8/10/18 6:35,118.5,NaN,1,v3
EWR-1,8/10/18 6:37,111.5,NaN,1,v3
EWR-1,8/10/18 6:37,112,NaN,1,v3
EWR-1,8/10/18 6:37,112,NaN,1,v3
EFF-XA2N,8/10/18 6:45,78,NaN,1,v3
EFF-XA2N,8/10/18 6:45,78.5,NaN,1,v3
EFF-XA2N,8/10/18 6:45,75.5,NaN,1,v3
EWF-XA2S,8/10/18 6:48,NaN,NaN,0,nw
EHF-XA3S,8/10/18 6:50,NaN,NaN,0,nw
EHT-XA5S,8/10/18 6:53,NaN,NaN,0,nw
EWT-1,8/10/18 6:56,148.5,NaN,1,v3
EWT-1,8/10/18 6:56,148.5,NaN,1,v3
EWT-1,8/10/18 6:56,148.4,NaN,1,v3
EHT-XB5S,8/10/18 7:18,NaN,NaN,0,nw
EEF-1,8/10/18 7:20,63.4,NaN,1,v3
EEF-1,8/10/18 7:20,63.5,NaN,1,v3
EEF-1,8/10/18 7:20,63.5,NaN,1,v3
EET-1,8/10/18 7:23,145,NaN,1,v3
EET-1,8/10/18 7:23,145.5,NaN,1,v3
EET-1,8/10/18 7:23,145.5,NaN,1,v3
EFR-XB1S,8/10/18 7:31,133.4,NaN,1,v3
EFR-XB1S,8/10/18 7:31,133.5,NaN,1,v3
EFR-XB1S,8/10/18 7:31,133.7,NaN,1,v3
KFF-XD6S,8/10/18 7:55,NaN,NaN,0,nw
KFF-XE8S,8/10/18 7:55,NaN,NaN,0,nw
KHT-XD6N,8/10/18 7:55,NaN,NaN,0,nw
KHT-XE6S,8/10/18 7:55,NaN,NaN,0,nw
KWT-1,8/10/18 7:55,NaN,NaN,0,nw
KER-1,8/10/18 8:01,145,NaN,1,v3
KER-1,8/10/18 8:01,145,NaN,1,v3
KER-1,8/10/18 8:01,145,NaN,1,v3
KHR-XD2N,8/10/18 8:10,129.5,NaN,1,v3
KHR-XD2N,8/10/18 8:10,129,NaN,1,v3
KHR-XD2N,8/10/18 8:10,129,NaN,1,v3
KHT-XE5S,8/10/18 8:20,144.4,NaN,1,v3
KHT-XE5S,8/10/18 8:20,144.5,NaN,1,v3
KHT-XE5S,8/10/18 8:20,144.5,NaN,1,v3
KHT-XE4S,8/10/18 8:28,136.5,NaN,1,v3
KHT-XE4S,8/10/18 8:28,136.2,NaN,1,v3
KHT-XE4S,8/10/18 8:28,136,NaN,1,v3
KHT-XE4S,8/10/18 8:28,136,NaN,1,v3
KER-XE3S,8/10/18 8:30,-9,NaN,1,nm
KFR-XE2S,8/10/18 8:32,64,NaN,1,v3
KFR-XE2S,8/10/18 8:32,64,NaN,1,v3
KFR-XE2S,8/10/18 8:32,64.3,NaN,1,v3
KFR-XE1S,8/10/18 8:34,120,NaN,1,v3
KFR-XE1S,8/10/18 8:34,120.3,NaN,1,v3
KFR-XE1S,8/10/18 8:34,121,NaN,1,v3
KWR-XE1N,8/10/18 8:37,132,NaN,1,v3
KWR-XE1N,8/10/18 8:37,132,NaN,1,v3
KWR-XE1N,8/10/18 8:37,131.8,NaN,1,v3
KHR-XE2N,8/10/18 8:38,109,NaN,1,v3
KHR-XE2N,8/10/18 8:38,109.5,NaN,1,v3
KHR-XE2N,8/10/18 8:38,109.3,NaN,1,v3
KEF-1,8/10/18 8:50,52,NaN,1,v3
KEF-1,8/10/18 8:50,52.5,NaN,1,v3
KEF-1,8/10/18 8:50,52,NaN,1,v3
KHF-1,8/10/18 8:52,NaN,NaN,0,nw
KWF-1,8/10/18 8:56,146.5,NaN,1,v3
KWF-1,8/10/18 8:56,146.5,NaN,1,v3
KWF-1,8/10/18 8:56,146.5,NaN,1,v3
KHF-XD4S,8/10/18 8:59,NaN,NaN,0,nw
KWR-1,8/10/18 8:59,102,NaN,1,v3
KWR-1,8/10/18 8:59,102.2,NaN,1,v3
KWR-1,8/10/18 8:59,102.5,NaN,1,v3
EHR-1,8/24/18 7:53,117.9,1,1,v3
EHR-1,8/24/18 7:53,117.9,NaN,1,v3
EHR-1,8/24/18 7:53,117.8,NaN,1,v3
EER-1,8/24/18 8:00,116.4,NaN,1,v3
EER-1,8/24/18 8:00,116.5,NaN,1,v3
EER-1,8/24/18 8:00,116.7,1,1,v3
EWR-1,8/24/18 8:04,110.5,NaN,1,v3
EWR-1,8/24/18 8:04,110.5,NaN,1,v3
EWR-1,8/24/18 8:04,110.5,1,1,v3
EFF-XA2N,8/24/18 8:13,74,NaN,1,v3
EFF-XA2N,8/24/18 8:13,73.6,NaN,1,v3
EFF-XA2N,8/24/18 8:13,73.3,NaN,1,v3
EWF-XA2S,8/24/18 8:18,NaN,NaN,0,nw
EHF-XA3S,8/24/18 8:19,NaN,NaN,0,nw
EHT-XA5S,8/24/18 8:25,NaN,NaN,0,nw
EWT-1,8/24/18 8:27,NaN,NaN,0,nw
EHT-XB5S,8/24/18 8:35,NaN,NaN,0,nw
EEF-1,8/24/18 8:39,58.5,NaN,1,v3
EEF-1,8/24/18 8:39,58,NaN,1,v3
EEF-1,8/24/18 8:39,58.1,1,1,v3
EET-1,8/24/18 8:45,NaN,NaN,0,nw
EFR-XB1S,8/24/18 8:51,133.2,NaN,1,v3
EFR-XB1S,8/24/18 8:51,133.4,NaN,1,v3
EFR-XB1S,8/24/18 8:51,133.6,NaN,1,v3
KHT-XD6N,8/25/18 6:38,NaN,NaN,0,nw
KER-1,8/25/18 6:43,NaN,NaN,0,nw
KHR-XD2N,8/25/18 6:48,130.5,NaN,1,v3
KHR-XD2N,8/25/18 6:48,130.4,NaN,1,v3
KHR-XD2N,8/25/18 6:48,130.5,NaN,1,v3
KHT-XE5S,8/25/18 6:58,146.5,NaN,1,v3
KHT-XE5S,8/25/18 6:58,146.5,NaN,1,v3
KHT-XE5S,8/25/18 6:58,146.7,NaN,1,v3
KHT-XE4S,8/25/18 7:01,141.2,NaN,1,v3
KHT-XE4S,8/25/18 7:01,141.4,NaN,1,v3
KHT-XE4S,8/25/18 7:01,141,NaN,1,v3
KER-XE3S,8/25/18 7:04,-7.5,NaN,1,nm
KFR-XE2S,8/25/18 7:06,65.9,NaN,1,v3
KFR-XE2S,8/25/18 7:06,66.2,NaN,1,v3
KFR-XE2S,8/25/18 7:06,65.9,NaN,1,v3
KFR-XE1S,8/25/18 7:08,121.5,NaN,1,v3
KFR-XE1S,8/25/18 7:08,121.5,NaN,1,v3
KFR-XE1S,8/25/18 7:08,121.5,NaN,1,v3
KHR-XE2N,8/25/18 7:13,110,NaN,1,v3
KHR-XE2N,8/25/18 7:13,110.3,NaN,1,v3
KHR-XE2N,8/25/18 7:13,110,NaN,1,v3
KWR-XE1N,8/25/18 7:15,133.8,NaN,1,v3
KWR-XE1N,8/25/18 7:15,133.5,NaN,1,v3
KWR-XE1N,8/25/18 7:15,133.8,NaN,1,v3
KWR-1,8/25/18 8:20,103.8,1,1,v3
KWR-1,8/25/18 8:20,103.9,1,1,v3
KWR-1,8/25/18 8:20,104.2,1,1,v3
KWF-1,8/25/18 8:25,149.4,NaN,1,v3
KWF-1,8/25/18 8:25,148.7,NaN,1,v3
KWF-1,8/25/18 8:25,149.7,1,1,v3
KHF-1,8/25/18 8:30,NaN,NaN,0,nw
KEF-1,8/25/18 8:33,52.3,NaN,1,v3
KEF-1,8/25/18 8:33,52.5,NaN,1,v3
KEF-1,8/25/18 8:33,52.4,1,1,v3
EHR-1,9/16/18 7:21,109.9,1,1,v3
EHR-1,9/16/18 7:21,109.8,1,1,v3
EHR-1,9/16/18 7:21,109.7,1,1,v3
EER-1,9/16/18 7:25,111.4,1,1,v3
EER-1,9/16/18 7:25,111.2,1,1,v3
EER-1,9/16/18 7:25,111.4,1,1,v3
EWR-1,9/16/18 7:30,109.4,1,1,v3
EWR-1,9/16/18 7:30,109.4,1,1,v3
EWR-1,9/16/18 7:30,109.5,1,1,v3
EFF-XA2N,9/16/18 7:39,71.5,NaN,1,v3
EFF-XA2N,9/16/18 7:39,71.5,NaN,1,v3
EFF-XA2N,9/16/18 7:39,71.7,NaN,1,v3
EWF-XA2S,9/16/18 7:42,NaN,NaN,0,nw
EHF-XA3S,9/16/18 7:44,NaN,NaN,0,nw
EHT-XA5S,9/16/18 7:46,NaN,NaN,0,nw
EWT-1,9/16/18 7:48,NaN,NaN,0,nw
EEF-1,9/16/18 7:57,58.9,1,1,v3
EEF-1,9/16/18 7:57,58.7,1,1,v3
EEF-1,9/16/18 7:57,58.5,1,1,v3
EET-1,9/16/18 8:02,NaN,NaN,0,nw
EHT-XB5S,9/16/18 8:04,NaN,NaN,0,nw
EFR-XB1S,9/16/18 8:07,134.5,NaN,1,v3
EFR-XB1S,9/16/18 8:07,134.4,NaN,1,v3
EFR-XB1S,9/16/18 8:07,134.7,NaN,1,v3
KWR-XE1N,9/16/18 8:45,134.5,NaN,1,v3
KWR-XE1N,9/16/18 8:45,134.6,NaN,1,v3
KWR-XE1N,9/16/18 8:45,134.7,NaN,1,v3
KHR-XE2N,9/16/18 8:47,109.1,NaN,1,v3
KHR-XE2N,9/16/18 8:47,109.5,NaN,1,v3
KHR-XE2N,9/16/18 8:47,109.5,NaN,1,v3
KFR-XE1S,9/16/18 8:53,121.3,NaN,1,v3
KFR-XE1S,9/16/18 8:53,121.5,NaN,1,v3
KFR-XE1S,9/16/18 8:53,121.5,NaN,1,v3
KFR-XE2S,9/16/18 8:54,66.9,NaN,1,v3
KFR-XE2S,9/16/18 8:54,67.3,NaN,1,v3
KFR-XE2S,9/16/18 8:54,67.2,NaN,1,v3
KHT-XE5S,9/16/18 9:02,141.4,NaN,1,v3
KHT-XE5S,9/16/18 9:02,141.7,NaN,1,v3
KHT-XE5S,9/16/18 9:02,141.8,NaN,1,v3
KER-XE3S,9/16/18 9:03,-5,NaN,1,nm
KER-XE3S,9/16/18 9:03,-7,NaN,1,nm
KER-XE3S,9/16/18 9:03,-7,NaN,1,nm
KHT-XE4S,9/16/18 9:03,138.5,NaN,1,v3
KHT-XE6S,9/16/18 9:05,NaN,NaN,0,nw
KHR-XD2N,9/16/18 9:15,126.9,NaN,1,v3
KHR-XD2N,9/16/18 9:15,127.2,NaN,1,v3
KHR-XD2N,9/16/18 9:15,127.4,NaN,1,v3
KWR-1,9/16/18 13:55,105.4,1,1,v3
KWR-1,9/16/18 13:55,105.7,1,1,v3
KWR-1,9/16/18 13:55,106.3,1,1,v3
KWF-1,9/16/18 14:00,145.2,NaN,1,v3
KWF-1,9/16/18 14:00,145.2,NaN,1,v3
KWF-1,9/16/18 14:00,145.3,NaN,1,v3
KHF-1,9/16/18 14:06,141.5,NaN,1,v3
KHF-1,9/16/18 14:06,142,NaN,1,v3
KHF-1,9/16/18 14:06,142,NaN,1,v3
KEF-1,9/16/18 14:08,56.8,1,1,v3
KEF-1,9/16/18 14:08,56.7,1,1,v3
KEF-1,9/16/18 14:08,56.8,1,1,v3
KHT-XD6N,9/16/18 14:30,NaN,NaN,0,nw
KWT-1,9/16/18 14:32,NaN,NaN,0,nw
KER-1,9/16/18 14:40,NaN,NaN,0,nw
EHR-1,9/29/18 8:16,109,NaN,1,v3
EHR-1,9/29/18 8:16,109.1,NaN,1,v3
EHR-1,9/29/18 8:16,109.5,NaN,1,v3
EFR-XB1S,9/29/18 8:19,134,NaN,1,v3
EFR-XB1S,9/29/18 8:19,134.4,NaN,1,v3
EFR-XB1S,9/29/18 8:19,134.5,NaN,1,v3
EER-1,9/29/18 8:21,107.6,NaN,1,v3
EER-1,9/29/18 8:21,107.9,NaN,1,v3
EER-1,9/29/18 8:21,108.1,NaN,1,v3
EWR-1,9/29/18 8:29,106.8,NaN,1,v3
EWR-1,9/29/18 8:29,107,NaN,1,v3
EWR-1,9/29/18 8:29,107.2,NaN,1,v3
EET-1,9/29/18 8:34,NaN,NaN,0,nw
EHT-XB5S,9/29/18 8:36,NaN,NaN,0,nw
EEF-1,9/29/18 8:39,56.8,NaN,1,v3
EEF-1,9/29/18 8:39,57,NaN,1,v3
EEF-1,9/29/18 8:39,57.2,NaN,1,v3
EFF-XA2N,9/29/18 9:00,63.9,NaN,1,v3
EFF-XA2N,9/29/18 9:00,64.1,NaN,1,v3
EFF-XA2N,9/29/18 9:00,64.2,NaN,1,v3
EWF-XA2S,9/29/18 9:02,NaN,NaN,0,nw
EHF-XA3S,9/29/18 9:03,NaN,NaN,0,nw
EHT-XA5S,9/29/18 9:04,NaN,NaN,0,nw
EWT-1,9/29/18 9:05,NaN,NaN,0,nw
KER-1,10/1/18 7:47,NaN,NaN,0,nw
KHR-XE2N,10/1/18 7:51,109.4,NaN,1,v3
KHR-XE2N,10/1/18 7:51,109.5,NaN,1,v3
KHR-XE2N,10/1/18 7:51,109.6,NaN,1,v3
KWR-XE1N,10/1/18 7:55,135.4,NaN,1,v3
KWR-XE1N,10/1/18 7:55,135.5,NaN,1,v3
KWR-XE1N,10/1/18 7:55,135.3,NaN,1,v3
KFR-XE1S,10/1/18 8:03,125,NaN,1,v3
KFR-XE1S,10/1/18 8:03,125,NaN,1,v3
KFR-XE1S,10/1/18 8:03,125.2,NaN,1,v3
KFR-XE2S,10/1/18 8:05,66.3,NaN,1,v3
KFR-XE2S,10/1/18 8:05,66.5,NaN,1,v3
KFR-XE2S,10/1/18 8:05,66.7,NaN,1,v3
KER-XE3S,10/1/18 8:07,-8,NaN,1,nm
KER-XE3S,10/1/18 8:07,-9,NaN,1,nm
KER-XE3S,10/1/18 8:07,-7,NaN,1,nm
KHT-XE4S,10/1/18 8:09,137.8,NaN,1,v3
KHT-XE4S,10/1/18 8:09,137.8,NaN,1,v3
KHT-XE4S,10/1/18 8:09,137.8,NaN,1,v3
KHT-XE5S,10/1/18 8:11,140,NaN,1,v3
KHT-XE5S,10/1/18 8:11,140.2,NaN,1,v3
KHT-XE5S,10/1/18 8:11,140.4,NaN,1,v3
KHT-XE6S,10/1/18 8:15,NaN,NaN,0,nw
KWT-1,10/1/18 8:18,NaN,NaN,0,nw
KHR-XD2N,10/1/18 8:27,125.4,NaN,1,v3
KHR-XD2N,10/1/18 8:27,125.4,NaN,1,v3
KHR-XD2N,10/1/18 8:27,125.1,NaN,1,v3
KFF-XD6S,10/1/18 8:30,NaN,NaN,0,nw
KHF-XD4S,10/1/18 8:30,NaN,NaN,0,nw
KHT-XD3S,10/1/18 8:30,NaN,NaN,0,nw
KHT-XD6N,10/1/18 8:30,NaN,NaN,0,nw
KWR-1,10/1/18 8:39,101.9,NaN,1,v3
KWR-1,10/1/18 8:39,102.2,NaN,1,v3
KWR-1,10/1/18 8:39,102.4,NaN,1,v3
KWF-1,10/1/18 8:48,133.3,1,1,v3
KWF-1,10/1/18 8:48,133.5,1,1,v3
KWF-1,10/1/18 8:48,133.7,1,1,v3
KHF-1,10/1/18 8:49,133.8,1,1,v3
KHF-1,10/1/18 8:49,133.9,1,1,v3
KHF-1,10/1/18 8:49,133.8,1,1,v3
KEF-1,10/1/18 8:51,53.4,1,1,v3
KEF-1,10/1/18 8:51,53,1,1,v3
KEF-1,10/1/18 8:51,53.7,1,1,v3
KHT-XD6N,10/1/18 9:05,NaN,NaN,0,nw
KHR-XE2N,10/14/18 8:10,107.6,NaN,1,v3
KHR-XE2N,10/14/18 8:10,107.8,NaN,1,v3
KHR-XE2N,10/14/18 8:10,108,NaN,1,v3
KWR-XE1N,10/14/18 8:14,135.4,NaN,1,v3
KWR-XE1N,10/14/18 8:14,135,NaN,1,v3
KWR-XE1N,10/14/18 8:14,135,NaN,1,v3
KFR-XE1S,10/14/18 8:17,118.9,NaN,1,v3
KFR-XE1S,10/14/18 8:17,118.7,NaN,1,v3
KFR-XE1S,10/14/18 8:17,119,NaN,1,v3
KFR-XE2S,10/14/18 8:19,67,NaN,1,v3
KFR-XE2S,10/14/18 8:19,67,NaN,1,v3
KFR-XE2S,10/14/18 8:19,67,NaN,1,v3
KHT-XE4S,10/14/18 8:22,115,NaN,1,v3
KHT-XE4S,10/14/18 8:22,115,NaN,1,v3
KHT-XE4S,10/14/18 8:22,114.4,NaN,1,v3
KER-XE3S,10/14/18 8:23,-5,NaN,1,nm
KER-XE3S,10/14/18 8:23,-8,NaN,1,nm
KER-XE3S,10/14/18 8:23,-7,NaN,1,nm
KHT-XE5S,10/14/18 8:27,135.5,NaN,1,v3
KHT-XE5S,10/14/18 8:27,135.6,NaN,1,v3
KHT-XE5S,10/14/18 8:27,137,NaN,1,v3
KHT-XE6S,10/14/18 8:29,NaN,NaN,0,nw
KER-1,10/14/18 8:50,NaN,NaN,0,nw
KHR-XD2N,10/14/18 8:54,123.4,NaN,1,v3
KHR-XD2N,10/14/18 8:54,123.5,NaN,1,v3
KHR-XD2N,10/14/18 8:54,123.7,NaN,1,v3
KWT-1,10/14/18 8:54,NaN,NaN,0,nw
KEF-1,10/14/18 8:55,53,1,1,v3
KEF-1,10/14/18 8:55,53,1,1,v3
KEF-1,10/14/18 8:55,53.5,1,1,v3
KHF-1,10/14/18 8:56,119.4,NaN,1,v3
KHF-1,10/14/18 8:56,119.5,NaN,1,v3
KHF-1,10/14/18 8:56,119.8,NaN,1,v3
KWF-1,10/14/18 8:58,100.9,NaN,1,v3
KWF-1,10/14/18 8:58,101,NaN,1,v3
KWF-1,10/14/18 8:58,101,NaN,1,v3
EEF-1,11/18/18 13:16,56,1,1,v3
EEF-1,11/18/18 13:16,56.2,1,1,v3
EEF-1,11/18/18 13:16,57,1,1,v3
EET-1,11/18/18 13:39,127.8,NaN,1,v3
EET-1,11/18/18 13:39,127.8,NaN,1,v3
EET-1,11/18/18 13:39,128.1,NaN,1,v3
EHT-XB5S,11/18/18 13:43,63.3,NaN,1,v3
EHT-XB5S,11/18/18 13:43,63.9,NaN,1,v3
EHT-XB5S,11/18/18 13:43,63.5,NaN,1,v3
EFR-XB1S,11/18/18 13:50,133,NaN,1,v3
EFR-XB1S,11/18/18 13:50,132.7,NaN,1,v3
EFR-XB1S,11/18/18 13:50,132.8,NaN,1,v3
EER-1,11/18/18 13:56,100.5,1,1,v3
EER-1,11/18/18 13:56,100.5,1,1,v3
EER-1,11/18/18 13:56,100.3,1,1,v3
EWR-1,11/18/18 14:04,103.3,1,1,v3
EWR-1,11/18/18 14:04,103,1,1,v3
EWR-1,11/18/18 14:04,101,1,1,v3
EFF-XA2N,11/18/18 14:14,49,NaN,1,v3
EFF-XA2N,11/18/18 14:14,49,NaN,1,v3
EFF-XA2N,11/18/18 14:14,49,NaN,1,v3
EWF-XA2S,11/18/18 14:20,123.5,NaN,1,v3
EWF-XA2S,11/18/18 14:20,124.5,NaN,1,v3
EWF-XA2S,11/18/18 14:20,124.1,NaN,1,v3
EHF-XA3S,11/18/18 14:22,78,NaN,1,v3
EHF-XA3S,11/18/18 14:22,78.8,NaN,1,v3
EHF-XA3S,11/18/18 14:22,78.5,NaN,1,v3
EHT-XA5S,11/18/18 14:26,57.9,NaN,1,v3
EHT-XA5S,11/18/18 14:26,57.7,NaN,1,v3
EHT-XA5S,11/18/18 14:26,57.5,NaN,1,v3
EWT-1,11/18/18 14:28,102,NaN,1,v3
EWT-1,11/18/18 14:28,102.7,NaN,1,v3
EWT-1,11/18/18 14:28,102.4,NaN,1,v3
EHR-1,11/18/18 14:43,92.6,1,1,v3
EHR-1,11/18/18 14:43,93.2,1,1,v3
EHR-1,11/18/18 14:43,93.6,1,1,v3
KEF-1,11/18/18 15:26,NaN,1,0,nw
KWR-1,11/18/18 15:26,106.2,1,1,v3
KWR-1,11/18/18 15:26,106.2,1,1,v3
KWR-1,11/18/18 15:26,106.6,1,1,v3
KWF-1,11/18/18 15:30,94.9,NaN,1,v3
KWF-1,11/18/18 15:30,95.2,NaN,1,v3
KWF-1,11/18/18 15:30,94.5,NaN,1,v3
KHF-1,11/18/18 15:39,94.5,NaN,1,v3
KHF-1,11/18/18 15:39,94.1,NaN,1,v3
KHF-1,11/18/18 15:39,95,NaN,1,v3
KFF-XD6S,11/18/18 15:51,65,NaN,1,v3
KFF-XD6S,11/18/18 15:51,65.2,NaN,1,v3
KFF-XD6S,11/18/18 15:51,65.3,NaN,1,v3
KFF-XE8S,11/18/18 16:07,121.5,NaN,1,v3
KFF-XE8S,11/18/18 16:07,121.5,NaN,1,v3
KFF-XE8S,11/18/18 16:07,121.5,NaN,1,v3
KHT-XE5S,11/18/18 16:12,100.8,NaN,1,v3
KHT-XE5S,11/18/18 16:12,101.4,NaN,1,v3
KHT-XE5S,11/18/18 16:12,101.5,NaN,1,v3
KHT-XE4S,11/18/18 16:15,98.9,NaN,1,v3
KHT-XE4S,11/18/18 16:15,99.2,NaN,1,v3
KHT-XE4S,11/18/18 16:15,99.4,NaN,1,v3
KER-XE3S,11/18/18 16:16,-9,NaN,1,nm
KER-XE3S,11/18/18 16:16,-5,NaN,1,nm
KER-XE3S,11/18/18 16:16,-5,NaN,1,nm
KFR-XE2S,11/18/18 16:20,66.5,NaN,1,v3
KFR-XE2S,11/18/18 16:20,66.7,NaN,1,v3
KFR-XE2S,11/18/18 16:20,66.5,NaN,1,v3
KFR-XE1S,11/18/18 16:21,117.4,NaN,1,v3
KFR-XE1S,11/18/18 16:21,117.5,NaN,1,v3
KFR-XE1S,11/18/18 16:21,117.6,NaN,1,v3
KWR-XE1N,11/18/18 16:23,134,NaN,1,v3
KWR-XE1N,11/18/18 16:23,133.5,NaN,1,v3
KWR-XE1N,11/18/18 16:23,133.4,NaN,1,v3
KHR-XE2N,11/18/18 16:25,105,NaN,1,nm
KHR-XE2N,11/18/18 16:25,105.2,NaN,1,nm
KHR-XE2N,11/18/18 16:25,105.6,NaN,1,nm
KHR-XD2N,11/18/18 16:42,117,NaN,1,v3
KHR-XD2N,11/18/18 16:42,117,NaN,1,v3
KHR-XD2N,11/18/18 16:42,116.5,NaN,1,v3
KHT-XD3S,11/18/18 16:45,NaN,NaN,0,nw
KHT-XD6N,11/18/18 21:15,NaN,NaN,0,nw
KER-1,11/18/18 21:16,NaN,NaN,0,nw
EHR-1,6/2/19 8:01,58.5,NaN,1,nm
EHR-1,6/2/19 8:01,60.5,NaN,1,nm
EHR-1,6/2/19 8:01,58.5,NaN,1,nm
EER-1,6/2/19 8:07,80.7,NaN,1,nm
EER-1,6/2/19 8:07,81,NaN,1,nm
EER-1,6/2/19 8:07,81.5,NaN,1,nm
EWR-1,6/2/19 8:14,72.5,NaN,1,nm
EWR-1,6/2/19 8:14,73,NaN,1,nm
EWR-1,6/2/19 8:14,73,NaN,1,nm
EWT-1,6/2/19 10:20,21.5,NaN,1,nm
EWT-1,6/2/19 10:20,21.6,NaN,1,nm
EWT-1,6/2/19 10:20,21.6,NaN,1,nm
EHT-XA5S,6/2/19 10:34,32,NaN,1,nm
EHT-XA5S,6/2/19 10:34,33.5,NaN,1,nm
EHT-XA5S,6/2/19 10:34,34,NaN,1,nm
EHF-XA3S,6/2/19 11:55,65.5,NaN,1,nm
EHF-XA3S,6/2/19 11:55,65.5,NaN,1,nm
EHF-XA3S,6/2/19 11:55,65.7,NaN,1,nm
EWF-XA2S,6/2/19 11:55,NaN,NaN,0,nw
EET-1,6/2/19 18:40,57.5,NaN,1,nm
EET-1,6/2/19 18:40,57.5,NaN,1,nm
EET-1,6/2/19 18:40,57.5,NaN,1,nm
EEF-1,6/2/19 19:00,NaN,NaN,0,nw
EHT-XB5S,6/2/19 19:55,NaN,NaN,1,nm
KHT-XD6N,6/3/19 9:57,44.5,NaN,1,nm
KHT-XD6N,6/3/19 9:57,45.2,NaN,1,nm
KHT-XD6N,6/3/19 9:57,45,NaN,1,nm
KER-1,6/3/19 10:02,NaN,NaN,1,nm
KER-1,6/3/19 10:02,NaN,NaN,1,nm
KER-1,6/3/19 10:02,NaN,NaN,1,nm
KER-XD5N,6/3/19 10:02,34.7,NaN,1,nm
KER-XD5N,6/3/19 10:02,34.3,NaN,1,nm
KER-XD5N,6/3/19 10:02,34.2,NaN,1,nm
KHT-XE6S,6/3/19 11:39,39.6,NaN,1,nm
KHT-XE6S,6/3/19 11:39,40,NaN,1,nm
KHT-XE6S,6/3/19 11:39,39.7,NaN,1,nm
KHT-XE5S,6/3/19 11:43,58.5,NaN,1,nm
KHT-XE5S,6/3/19 11:43,58.5,NaN,1,nm
KHT-XE5S,6/3/19 11:43,58.6,NaN,1,nm
KER-XE3S,6/3/19 11:49,-8,NaN,1,nm
KER-XE3S,6/3/19 11:49,-6,NaN,1,nm
KER-XE3S,6/3/19 11:49,-6,NaN,1,nm
KHT-XE4S,6/3/19 11:49,73.5,NaN,1,nm
KHT-XE4S,6/3/19 11:49,73.5,NaN,1,nm
KHT-XE4S,6/3/19 11:49,73.5,NaN,1,nm
KWT-1,6/3/19 12:10,55.5,NaN,1,nm
KWT-1,6/3/19 12:10,56,NaN,1,nm
KWT-1,6/3/19 12:10,55.5,NaN,1,nm
KHF-XD4S,6/3/19 12:36,81.2,NaN,1,nm
KHF-XD4S,6/3/19 12:36,81,NaN,1,nm
KHF-XD4S,6/3/19 12:36,81,NaN,1,nm
KHR-XD1N,6/3/19 12:36,NaN,NaN,1,nm
KHR-XD1N,6/3/19 12:36,NaN,NaN,1,nm
KHR-XD1N,6/3/19 12:36,NaN,NaN,1,nm
KHR-XD2N,6/3/19 12:36,NaN,NaN,0,nw
KHT-XD3S,6/3/19 12:36,NaN,NaN,0,nw
KFF-XD6S,6/3/19 12:39,56,NaN,1,nm
KFF-XD6S,6/3/19 12:39,56,NaN,1,nm
KFF-XD6S,6/3/19 12:39,56.5,NaN,1,nm
KEF-1,6/3/19 12:50,50.8,NaN,1,nm
KEF-1,6/3/19 12:50,51.2,NaN,1,nm
KEF-1,6/3/19 12:50,51.4,NaN,1,nm
KHF-1,6/3/19 12:55,69,NaN,1,nm
KHF-1,6/3/19 12:55,68.5,NaN,1,nm
KHF-1,6/3/19 12:55,68.9,NaN,1,nm
KWF-1,6/3/19 13:16,66.5,NaN,1,nm
KWF-1,6/3/19 13:16,67,NaN,1,nm
KWF-1,6/3/19 13:16,65.8,NaN,1,nm
KWR-1,6/3/19 13:35,64.3,NaN,1,nm
KWR-1,6/3/19 13:35,64.3,NaN,1,nm
KWR-1,6/3/19 13:35,64.4,NaN,1,nm
KWR-1,6/17/19 6:55,65,NaN,1,nm
KWR-1,6/17/19 6:55,65,NaN,1,nm
KWR-1,6/17/19 6:55,65,NaN,1,nm
KWF-1,6/17/19 7:02,66,NaN,1,v4
KWF-1,6/17/19 7:02,65,NaN,1,v4
KWF-1,6/17/19 7:02,66,NaN,1,v4
KHF-1,6/17/19 7:12,47.3,NaN,1,v4
KHF-1,6/17/19 7:12,48,NaN,1,v4
KHF-1,6/17/19 7:12,48.7,NaN,1,v4
KEF-1,6/17/19 7:19,54.5,NaN,1,v4
KEF-1,6/17/19 7:19,55.5,NaN,1,v4
KEF-1,6/17/19 7:19,55,NaN,1,v4
KHT-XD3S,6/17/19 7:31,85.8,NaN,1,v4
KHT-XD3S,6/17/19 7:31,85,NaN,1,v4
KHT-XD3S,6/17/19 7:31,84.5,NaN,1,v4
KHF-XD4S,6/17/19 7:34,78,NaN,1,v4
KHF-XD4S,6/17/19 7:34,78.5,NaN,1,v4
KHF-XD4S,6/17/19 7:34,78.5,NaN,1,v4
KFF-XD6S,6/17/19 7:38,54.5,NaN,1,v4
KFF-XD6S,6/17/19 7:38,54.3,NaN,1,v4
KFF-XD6S,6/17/19 7:38,54.2,NaN,1,v4
KWT-1,6/17/19 7:52,54,NaN,1,v4
KWT-1,6/17/19 7:52,54.4,NaN,1,v4
KWT-1,6/17/19 7:52,54.5,NaN,1,v4
KFF-XE8S,6/17/19 7:59,95,NaN,1,v4
KFF-XE8S,6/17/19 7:59,95.7,NaN,1,v4
KFF-XE8S,6/17/19 7:59,96,NaN,1,v4
KHT-XE6S,6/17/19 8:03,38.3,NaN,1,v4
KHT-XE6S,6/17/19 8:03,38.4,NaN,1,v4
KHT-XE6S,6/17/19 8:03,38.5,NaN,1,v4
KHT-XE5S,6/17/19 8:06,57,NaN,1,v4
KHT-XE5S,6/17/19 8:06,56.2,NaN,1,v4
KHT-XE5S,6/17/19 8:06,56.5,NaN,1,v4
KHT-XE4S,6/17/19 8:09,71,NaN,1,v4
KHT-XE4S,6/17/19 8:09,71.2,NaN,1,v4
KHT-XE4S,6/17/19 8:09,71.4,NaN,1,v4
KER-XE3S,6/17/19 8:12,-2.8,NaN,1,nm
KER-XE3S,6/17/19 8:12,-4,NaN,1,nm
KER-XE3S,6/17/19 8:12,-9,NaN,1,nm
KFR-XE2S,6/17/19 8:13,55.2,NaN,1,v4
KFR-XE2S,6/17/19 8:13,55.3,NaN,1,v4
KFR-XE2S,6/17/19 8:13,55.5,NaN,1,v4
KFR-XE1S,6/17/19 8:17,78.5,NaN,1,v4
KFR-XE1S,6/17/19 8:17,79,NaN,1,v4
KFR-XE1S,6/17/19 8:17,79.5,NaN,1,v4
KWR-XE1N,6/17/19 8:25,82,NaN,1,nm
KWR-XE1N,6/17/19 8:25,82,NaN,1,v4
KWR-XE1N,6/17/19 8:25,82,NaN,1,v4
KER-1,6/17/19 8:42,72.6,NaN,1,v4
KER-1,6/17/19 8:42,71.5,NaN,1,v4
KER-1,6/17/19 8:42,72.5,NaN,1,v4
KER-XD5N,6/17/19 8:42,31,NaN,1,v4
KER-XD5N,6/17/19 8:42,31.2,NaN,1,v4
KER-XD5N,6/17/19 8:42,31.5,NaN,1,v4
KHR-XD1N,6/17/19 8:43,65,NaN,1,nm
KHR-XD1N,6/17/19 8:43,65,NaN,1,nm
KHR-XD1N,6/17/19 8:43,65,NaN,1,nm
KHT-XD6N,6/17/19 8:51,52,NaN,1,v4
KHT-XD6N,6/17/19 8:51,52,NaN,1,v4
KHT-XD6N,6/17/19 8:51,51.5,NaN,1,v4
EHR-1,6/18/19 7:30,60.2,NaN,1,v4
EHR-1,6/18/19 7:30,61,NaN,1,v4
EHR-1,6/18/19 7:30,60.4,NaN,1,v4
EER-1,6/18/19 7:36,89,NaN,1,v4
EER-1,6/18/19 7:36,90,NaN,1,v4
EER-1,6/18/19 7:36,89.4,NaN,1,v4
EWR-1,6/18/19 7:40,80,NaN,1,nm
EWR-1,6/18/19 7:40,79.5,NaN,1,nm
EWR-1,6/18/19 7:40,79.8,NaN,1,nm
EFF-XA2N,6/18/19 7:52,45,NaN,1,v4
EFF-XA2N,6/18/19 7:52,46,NaN,1,v4
EFF-XA2N,6/18/19 7:52,48,NaN,1,v4
EFF-XA1N,6/18/19 7:56,117.5,NaN,1,v4
EFF-XA1N,6/18/19 7:56,116,NaN,1,v4
EFF-XA1N,6/18/19 7:56,118,NaN,1,v4
EWF-XA2S,6/18/19 8:04,109,NaN,1,v3
EWF-XA2S,6/18/19 8:04,108.5,NaN,1,v3
EWF-XA2S,6/18/19 8:04,109.5,NaN,1,v3
EHF-XA3S,6/18/19 8:07,66.8,NaN,1,v3
EHF-XA3S,6/18/19 8:07,66,NaN,1,v4
EHF-XA3S,6/18/19 8:07,66,NaN,1,v4
EHT-XA5S,6/18/19 8:22,35.4,NaN,1,v3
EHT-XA5S,6/18/19 8:22,36.2,NaN,1,v3
EHT-XA5S,6/18/19 8:22,36.3,NaN,1,v3
EWT-1,6/18/19 8:30,NaN,1,0,nw
EEF-1,6/18/19 8:55,61,NaN,1,nm
EEF-1,6/18/19 8:55,61.2,NaN,1,nm
EEF-1,6/18/19 8:55,60.9,NaN,1,nm
EET-1,6/18/19 9:00,84,NaN,1,v3
EET-1,6/18/19 9:00,83.4,NaN,1,v3
EET-1,6/18/19 9:00,84.2,NaN,1,v3
KHT-XD6N,7/5/19 7:21,99.8,NaN,1,v5
KHT-XD6N,7/5/19 7:21,100.7,NaN,1,v5
KHT-XD6N,7/5/19 7:21,100.5,NaN,1,v5
KER-XD5N,7/5/19 7:24,39.6,NaN,1,v5
KER-XD5N,7/5/19 7:24,40,NaN,1,v5
KER-XD5N,7/5/19 7:24,39.8,NaN,1,v5
KHR-1,7/5/19 7:26,65,NaN,1,v5
KHR-1,7/5/19 7:26,65.4,NaN,1,v5
KHR-1,7/5/19 7:26,65.5,NaN,1,v5
KHR-XD1N,7/5/19 7:30,101,NaN,1,v5
KHR-XD1N,7/5/19 7:30,102,NaN,1,v5
KHR-XD1N,7/5/19 7:30,102,NaN,1,v5
KER-1,7/5/19 7:34,81.5,NaN,1,v5
KER-1,7/5/19 7:34,80.8,NaN,1,v5
KER-1,7/5/19 7:34,81.4,NaN,1,v5
KWR-XE1N,7/5/19 7:43,107.5,NaN,1,v5
KWR-XE1N,7/5/19 7:43,108.2,NaN,1,v5
KWR-XE1N,7/5/19 7:43,108.2,NaN,1,v5
KFR-XE1S,7/5/19 7:46,106.7,NaN,1,v5
KFR-XE1S,7/5/19 7:46,106.6,NaN,1,v5
KFR-XE1S,7/5/19 7:46,107,NaN,1,v5
KFR-XE2S,7/5/19 7:49,60.7,NaN,1,v5
KFR-XE2S,7/5/19 7:49,61.5,NaN,1,v5
KFR-XE2S,7/5/19 7:49,61.5,NaN,1,v5
KER-XE3S,7/5/19 7:52,-2.5,NaN,1,nm
KER-XE3S,7/5/19 7:52,-3,NaN,1,nm
KER-XE3S,7/5/19 7:52,-4,NaN,1,nm
KHT-XE4S,7/5/19 7:53,75.6,NaN,1,v5
KHT-XE4S,7/5/19 7:53,76.1,NaN,1,v5
KHT-XE4S,7/5/19 7:53,76,NaN,1,v5
KHT-XE5S,7/5/19 7:56,70.3,1,1,v5
KHT-XE5S,7/5/19 7:56,70.7,1,1,v5
KHT-XE5S,7/5/19 7:56,70.9,1,1,v5
KHT-XE6S,7/5/19 7:59,43,NaN,1,v5
KHT-XE6S,7/5/19 7:59,43,NaN,1,v5
KHT-XE6S,7/5/19 7:59,43.5,NaN,1,v5
KFF-XE8S,7/5/19 8:05,109.5,NaN,1,v5
KFF-XE8S,7/5/19 8:05,110,NaN,1,v5
KFF-XE8S,7/5/19 8:05,110.2,NaN,1,v5
KWT-1,7/5/19 8:09,57.5,1,1,v5
KWT-1,7/5/19 8:09,57.8,NaN,1,v5
KWT-1,7/5/19 8:09,57.9,NaN,1,v5
KFF-XD6S,7/5/19 8:19,70,NaN,1,v5
KFF-XD6S,7/5/19 8:19,70.3,NaN,1,v5
KFF-XD6S,7/5/19 8:19,70.4,NaN,1,v5
KHF-XD4S,7/5/19 8:22,139,NaN,1,v5
KHF-XD4S,7/5/19 8:22,139,NaN,1,v5
KHF-XD4S,7/5/19 8:22,139,NaN,1,v5
KHT-XD3S,7/5/19 8:27,130,NaN,1,v5
KHT-XD3S,7/5/19 8:27,129.5,NaN,1,v5
KHT-XD3S,7/5/19 8:27,129.5,NaN,1,v5
KRH-XD1S,7/5/19 8:28,105.3,NaN,1,v5
KRH-XD1S,7/5/19 8:28,105.3,NaN,1,v5
KRH-XD1S,7/5/19 8:28,105.2,NaN,1,v5
KEF-1,7/5/19 8:37,50,1,1,v5
KEF-1,7/5/19 8:37,50.2,1,1,v5
KEF-1,7/5/19 8:37,50.7,1,1,v5
KWF-1,7/5/19 8:39,91,1,1,v5
KWF-1,7/5/19 8:39,91.5,NaN,1,v5
KWF-1,7/5/19 8:39,91.5,NaN,1,v5
KHF-1,7/5/19 8:42,83.8,NaN,1,v5
KHF-1,7/5/19 8:42,83.3,NaN,1,v5
KHF-1,7/5/19 8:42,82.5,NaN,1,v5
KWR-1,7/5/19 8:48,74.9,NaN,1,v5
KWR-1,7/5/19 8:48,75,NaN,1,v5
KWR-1,7/5/19 8:48,75.6,NaN,1,v5
EHR-1,7/6/19 8:12,87.5,NaN,1,v5
EHR-1,7/6/19 8:12,88.4,NaN,1,v5
EHR-1,7/6/19 8:12,88.5,NaN,1,v5
EER-1,7/6/19 8:15,107.4,NaN,1,v5
EER-1,7/6/19 8:15,108,NaN,1,v5
EER-1,7/6/19 8:15,110,NaN,1,v5
EER-1,7/6/19 8:15,108.5,NaN,1,v5
EWR-1,7/6/19 8:21,89,NaN,1,v5
EWR-1,7/6/19 8:21,86,NaN,1,v5
EWR-1,7/6/19 8:21,86,NaN,1,v5
EWR-1,7/6/19 8:21,83.5,NaN,1,v5
EWR-1,7/6/19 8:21,84.5,NaN,1,v5
EWR-1,7/6/19 8:21,84,NaN,1,v5
EFF-XA2N,7/6/19 8:29,58.7,NaN,1,v5
EFF-XA2N,7/6/19 8:29,58.5,NaN,1,v5
EFF-XA2N,7/6/19 8:29,58.8,NaN,1,v5
EFF-XA1N,7/6/19 8:31,139.5,NaN,1,v5
EFF-XA1N,7/6/19 8:31,139.8,NaN,1,v5
EFF-XA1N,7/6/19 8:31,140.4,NaN,1,v5
EWF-XA2S,7/6/19 8:40,113,NaN,1,v5
EWF-XA2S,7/6/19 8:40,113.2,NaN,1,v5
EWF-XA2S,7/6/19 8:40,113.5,NaN,1,v5
EHF-XA3S,7/6/19 8:41,69.8,NaN,1,v5
EHF-XA3S,7/6/19 8:41,69,NaN,1,v5
EHF-XA3S,7/6/19 8:41,68.5,NaN,1,v5
EET-2,7/6/19 8:44,92,NaN,1,v5
EET-2,7/6/19 8:44,92.7,NaN,1,v5
EET-2,7/6/19 8:44,92.9,NaN,1,v5
EHT-XA5S,7/6/19 8:46,89.8,1,1,v5
EHT-XA5S,7/6/19 8:46,90.6,NaN,1,v5
EHT-XA5S,7/6/19 8:46,90.5,NaN,1,v5
EWT-1,7/6/19 8:52,129.5,1,1,v5
EWT-1,7/6/19 8:52,130.5,NaN,1,v5
EWT-1,7/6/19 8:52,131.4,NaN,1,v5
EWT-1,7/6/19 8:52,130.9,NaN,1,v5
EEF-1,7/6/19 9:01,74.5,NaN,1,v5
EEF-1,7/6/19 9:01,74.2,NaN,1,v5
EEF-1,7/6/19 9:01,74.6,NaN,1,v5
EHT-XB4S,7/6/19 9:15,125.4,NaN,1,v5
EHT-XB4S,7/6/19 9:15,125.4,NaN,1,v5
EHT-XB4S,7/6/19 9:15,125.5,NaN,1,v5
EFR-XB3S,7/6/19 9:17,134.6,1,1,v5
EFR-XB3S,7/6/19 9:17,133.6,NaN,1,v5
EFR-XB3S,7/6/19 9:17,134,NaN,1,v5
EFR-XB3S,7/6/19 9:17,134,NaN,1,v5
EFR-XB2S,7/6/19 9:19,NaN,NaN,0,nw
EFR-XB2S,7/6/19 9:19,NaN,NaN,0,nw
EFR-XB2S,7/6/19 9:19,NaN,NaN,0,nw
EFF-XB7S,7/6/19 9:20,52,NaN,1,v5
EFF-XB7S,7/6/19 9:20,52.1,NaN,1,v5
EFF-XB7S,7/6/19 9:20,52.4,NaN,1,v5
EFR-XB1S,7/6/19 9:22,122.6,NaN,1,v5
EFR-XB1S,7/6/19 9:22,123.3,NaN,1,v5
EFR-XB1S,7/6/19 9:22,123.6,NaN,1,v5
EHR-XB1N,7/6/19 9:24,122.6,1,1,v5
EHR-XB1N,7/6/19 9:24,122.5,NaN,1,v5
EHR-XB1N,7/6/19 9:24,123,NaN,1,v5
EFR-XB2N,7/6/19 9:26,48,1,1,v5
EFR-XB2N,7/6/19 9:26,48.3,NaN,1,v5
EFR-XB2N,7/6/19 9:26,48.3,NaN,1,v5
EFR-XB3N,7/6/19 9:27,74.9,1,1,v5
EFR-XB3N,7/6/19 9:27,75.2,NaN,1,v5
EFR-XB3N,7/6/19 9:27,75.5,NaN,1,v5
EWR-XB4N,7/6/19 9:28,67.5,1,1,v5
EWR-XB4N,7/6/19 9:28,67,NaN,1,v5
EWR-XB4N,7/6/19 9:28,67.2,NaN,1,v5
LHT-1,7/7/19 8:59,82.9,NaN,1,v5
LHT-1,7/7/19 8:59,82,NaN,1,v5
LHT-1,7/7/19 8:59,81.5,NaN,1,v5
LET-1,7/7/19 9:00,64.5,NaN,1,v5
LET-1,7/7/19 9:00,64.6,NaN,1,v5
LET-1,7/7/19 9:00,64.6,NaN,1,v5
LWT-1,7/7/19 9:02,73.2,NaN,1,v5
LWT-1,7/7/19 9:02,73.4,NaN,1,v5
LWT-1,7/7/19 9:02,73.7,NaN,1,v5
KWR-1,7/26/19 5:55,91.7,NaN,1,v.070919
KWR-1,7/26/19 5:55,92,NaN,1,v.070919
KWR-1,7/26/19 5:55,93,NaN,1,v.070919
KWF-1,7/26/19 5:59,102.2,NaN,1,v.070919
KWF-1,7/26/19 5:59,102.3,NaN,1,v.070919
KWF-1,7/26/19 5:59,102.4,NaN,1,v.070919
KFF-XD6S,7/26/19 6:12,128.8,NaN,1,v.070919
KFF-XD6S,7/26/19 6:12,129.8,NaN,1,v.070919
KFF-XD6S,7/26/19 6:12,130.2,NaN,1,v.070919
KHF-XD4S,7/26/19 6:12,NaN,NaN,0,nw
KHT-XD3S,7/26/19 6:12,NaN,NaN,0,nw
KFF-XE8S,7/26/19 6:20,138,NaN,1,v.070919
KFF-XE8S,7/26/19 6:20,139,NaN,1,v.070919
KFF-XE8S,7/26/19 6:20,139.6,NaN,1,v.070919
KET-1,7/26/19 6:25,27.2,NaN,1,v.070919
KET-1,7/26/19 6:25,27.5,NaN,1,v.070919
KET-1,7/26/19 6:25,27.8,NaN,1,v.070919
KER-XE3S,7/26/19 6:33,-4,NaN,1,nm
KER-XE3S,7/26/19 6:33,-2,NaN,1,nm
KER-XE3S,7/26/19 6:33,-4,NaN,1,nm
KFR-XE2S,7/26/19 6:34,62.4,NaN,1,v.070919
KFR-XE2S,7/26/19 6:34,62.4,NaN,1,v.070919
KFR-XE2S,7/26/19 6:34,62.5,NaN,1,v.070919
KFR-XE1S,7/26/19 6:35,116.6,NaN,1,v.070919
KFR-XE1S,7/26/19 6:35,116.6,NaN,1,v.070919
KFR-XE1S,7/26/19 6:35,117,NaN,1,v.070919
KHT-XE4S,7/26/19 6:36,116.4,NaN,1,v.070919
KHT-XE4S,7/26/19 6:36,116.5,NaN,1,v.070919
KHT-XE4S,7/26/19 6:36,117,NaN,1,v.070919
KWR-XE1N,7/26/19 6:36,123.5,NaN,1,v.070919
KWR-XE1N,7/26/19 6:36,123.9,NaN,1,v.070919
KWR-XE1N,7/26/19 6:36,124.2,NaN,1,v.070919
KER-1,7/26/19 6:46,83.9,1,1,v.070919
KER-1,7/26/19 6:46,83.7,NaN,1,v.070919
KER-1,7/26/19 6:46,83.9,NaN,1,v.070919
KHT-XE6S,7/26/19 6:47,104.5,NaN,1,v.070919
KHT-XE6S,7/26/19 6:47,104.7,NaN,1,v.070919
KHT-XE6S,7/26/19 6:47,104.5,NaN,1,v.070919
LHT-1,7/26/19 6:50,81,NaN,1,v.070919
LHT-1,7/26/19 6:50,81.2,NaN,1,v.070919
LHT-1,7/26/19 6:50,81.5,NaN,1,v.070919
KER-XD5N,7/26/19 6:51,57,NaN,1,v.070919
KER-XD5N,7/26/19 6:51,57,NaN,1,v.070919
KER-XD5N,7/26/19 6:51,57,NaN,1,v.070919
KHT-XD6N,7/26/19 6:54,139.5,NaN,1,v.070919
KHT-XD6N,7/26/19 6:54,139.5,NaN,1,v.070919
KHT-XD6N,7/26/19 6:54,139.5,NaN,1,v.070919
EER-1,7/26/19 7:20,113.2,NaN,1,v.070919
EER-1,7/26/19 7:20,113.4,NaN,1,v.070919
EER-1,7/26/19 7:20,113.5,NaN,1,v.070919
EFF-XA2N,7/26/19 7:30,67,NaN,1,v.070919
EFF-XA2N,7/26/19 7:30,67.2,NaN,1,v.070919
EFF-XA2N,7/26/19 7:30,67.4,NaN,1,v.070919
EFF-XA1N,7/26/19 7:32,141.5,NaN,1,v.070919
EFF-XA1N,7/26/19 7:32,141.6,NaN,1,v.070919
EFF-XA1N,7/26/19 7:32,142,NaN,1,v.070919
EWR-1,7/26/19 7:32,105,NaN,1,v.070919
EWR-1,7/26/19 7:32,104.8,NaN,1,v.070919
EWR-1,7/26/19 7:32,105.5,NaN,1,v.070919
EWF-XA2S,7/26/19 7:35,138.7,NaN,1,v.070919
EWF-XA2S,7/26/19 7:35,138.7,NaN,1,v.070919
EWF-XA2S,7/26/19 7:35,139,NaN,1,v.070919
EHF-XA3S,7/26/19 7:38,102.5,NaN,1,v.070919
EHF-XA3S,7/26/19 7:38,102.7,NaN,1,v.070919
EHF-XA3S,7/26/19 7:38,102.9,NaN,1,v.070919
EET-2,7/26/19 7:40,125.2,NaN,1,v.070919
EET-2,7/26/19 7:40,125.6,NaN,1,v.070919
EET-2,7/26/19 7:40,126,NaN,1,v.070919
EEF-1,7/26/19 7:47,105.1,NaN,1,v.070919
EEF-1,7/26/19 7:47,105.5,NaN,1,v.070919
EEF-1,7/26/19 7:47,105.6,NaN,1,v.070919
EET-1,7/26/19 7:51,144,NaN,1,v.070919
EFF-XB7S,7/26/19 7:56,51.2,NaN,1,v.070919
EFF-XB7S,7/26/19 7:56,51.1,NaN,1,v.070919
EFF-XB7S,7/26/19 7:56,51.3,NaN,1,v.070919
EFR-XB3S,7/26/19 8:00,138.5,NaN,1,v.070919
EFR-XB3S,7/26/19 8:00,138.7,NaN,1,v.070919
EFR-XB3S,7/26/19 8:00,138.7,NaN,1,v.070919
EFR-XB1S,7/26/19 8:05,129,NaN,1,v.070919
EFR-XB1S,7/26/19 8:05,128.5,NaN,1,v.070919
EFR-XB1S,7/26/19 8:05,129.2,NaN,1,v.070919
EFR-XB2S,7/26/19 8:05,NaN,NaN,0,nw
EHT-XB4S,7/26/19 8:05,NaN,1,0,nw
EHR-1,7/26/19 8:18,105.5,NaN,1,v.070919
EHR-1,7/26/19 8:18,106.1,NaN,1,v.070919
EHR-1,7/26/19 8:18,106,NaN,1,v.070919
LET-1,7/26/19 8:50,86.5,NaN,1,v.070919
LET-1,7/26/19 8:50,86.5,NaN,1,v.070919
LET-1,7/26/19 8:50,86.7,NaN,1,v.070919
LWT-1,7/26/19 8:52,96.5,NaN,1,v.070919
LWT-1,7/26/19 8:52,96.6,NaN,1,v.070919
LWT-1,7/26/19 8:52,97,NaN,1,v.070919
LHT-1,7/26/19 8:58,102.6,NaN,1,v.070919
LHT-1,7/26/19 8:58,103,NaN,1,v.070919
LHT-1,7/26/19 8:58,103.1,NaN,1,v.070919
EWT-1,7/26/19 11:48,147.5,NaN,1,v.070919
EWT-1,7/26/19 11:48,147.5,NaN,1,v.070919
EWT-1,7/26/19 11:48,147.5,NaN,1,v.070919
EHT-XA5S,7/26/19 12:12,126.5,NaN,1,v.070919
EHT-XA5S,7/26/19 12:12,126.8,NaN,1,v.070919
EHT-XA5S,7/26/19 12:12,127,NaN,1,v.070919
EHR-XB1N,7/26/19 13:04,131,NaN,1,v.070919
EHR-XB1N,7/26/19 13:04,131.1,NaN,1,v.070919
EHR-XB1N,7/26/19 13:04,131.2,NaN,1,v.070919
EFR-XB2N,7/26/19 13:05,55.8,NaN,1,v.070919
EFR-XB2N,7/26/19 13:05,55.8,NaN,1,v.070919
EFR-XB2N,7/26/19 13:05,56,NaN,1,v.070919
EFR-XB3N,7/26/19 13:07,80.2,NaN,1,v.070919
EFR-XB3N,7/26/19 13:07,80,NaN,1,v.070919
EFR-XB3N,7/26/19 13:07,79.9,NaN,1,v.070919
EWR-XB4N,7/26/19 13:09,77.4,NaN,1,v.070919
EWR-XB4N,7/26/19 13:09,77,NaN,1,v.070919
EWR-XB4N,7/26/19 13:09,77.7,NaN,1,v.070919
KHR-XD1N,7/26/19 15:03,113.5,NaN,1,v.070919
KHR-XD1N,7/26/19 15:03,113.5,NaN,1,v.070919
KHR-XD1N,7/26/19 15:03,113.8,NaN,1,v.070919
KRH-XD1S,7/26/19 15:06,117,NaN,0,nw
KRH-XD1S,7/26/19 15:06,117.1,NaN,1,v.070919
KRH-XD1S,7/26/19 15:06,117.4,NaN,1,v.070919
KWT-1,7/26/19 15:15,97,NaN,1,v.070919
KWT-1,7/26/19 15:15,96.9,NaN,1,v.070919
KWT-1,7/26/19 15:15,96.9,NaN,1,v.070919
KHT-XE5S,7/26/19 15:52,121.6,1,1,v.070919
KHT-XE5S,7/26/19 15:52,121.6,1,1,v.070919
KHT-XE5S,7/26/19 15:52,121.8,1,1,v.070919
KHF-1,7/26/19 16:44,129.5,NaN,1,v.070919
KHF-1,7/26/19 16:44,129.7,NaN,1,v.070919
KHF-1,7/26/19 16:44,129.9,NaN,1,v.070919
KEF-1,7/26/19 16:48,55.4,NaN,1,v.070919
KEF-1,7/26/19 16:48,55.5,NaN,1,v.070919
KEF-1,7/26/19 16:48,55.6,NaN,1,v.070919
KHT-XD6N,8/4/19 7:58,NaN,NaN,0,nw
KWF-1,8/4/19 8:00,123,NaN,1,bamboo speaker wire
KWF-1,8/4/19 8:00,122,NaN,1,bamboo speaker wire
KWF-1,8/4/19 8:00,122.5,NaN,1,bamboo speaker wire
KHR-1,8/4/19 8:01,85.2,NaN,1,bamboo speaker wire
KHR-1,8/4/19 8:01,85.4,NaN,1,bamboo speaker wire
KHR-1,8/4/19 8:01,86,NaN,1,bamboo speaker wire
KER-1,8/4/19 8:04,84.6,NaN,1,bamboo speaker wire
KER-1,8/4/19 8:04,85.5,NaN,1,bamboo speaker wire
KER-1,8/4/19 8:04,84.8,NaN,1,bamboo speaker wire
KWR-XE1N,8/4/19 8:12,127,NaN,1,bamboo speaker wire
KWR-XE1N,8/4/19 8:12,127.8,NaN,1,bamboo speaker wire
KWR-XE1N,8/4/19 8:12,127.5,NaN,1,bamboo speaker wire
KFR-XE2S,8/4/19 8:15,65,NaN,1,bamboo speaker wire
KFR-XE2S,8/4/19 8:15,64.6,NaN,1,bamboo speaker wire
KFR-XE2S,8/4/19 8:15,65,NaN,1,bamboo speaker wire
KFR-XE1S,8/4/19 8:16,119.5,NaN,1,bamboo speaker wire
KHT-XE4S,8/4/19 8:19,127.3,NaN,1,bamboo speaker wire
KHT-XE4S,8/4/19 8:19,127.8,NaN,1,bamboo speaker wire
KHT-XE4S,8/4/19 8:19,128,NaN,1,bamboo speaker wire
KER-XE3S,8/4/19 8:22,-2.5,NaN,1,nm
KER-XE3S,8/4/19 8:22,-5,NaN,1,nm
KER-XE3S,8/4/19 8:22,-4,NaN,1,nm
KHT-XE6S,8/4/19 8:24,127.8,NaN,1,bamboo speaker wire
KHT-XE6S,8/4/19 8:24,125.5,NaN,1,bamboo speaker wire
KHT-XE6S,8/4/19 8:24,125,NaN,1,bamboo speaker wire
KET-1,8/4/19 8:27,32.5,NaN,1,bamboo speaker wire
KFF-XE8S,8/4/19 8:30,NaN,NaN,0,nw
KFF-XD6S,8/4/19 8:40,NaN,NaN,0,nw
KHF-XD4S,8/4/19 8:42,NaN,NaN,0,nw
KWR-1,8/4/19 8:51,94,NaN,1,bamboo speaker wire
KWR-1,8/4/19 8:51,94.3,NaN,1,bamboo speaker wire
KWR-1,8/4/19 8:51,94.5,NaN,1,bamboo speaker wire
EHR-1,8/5/19 6:39,112,NaN,1,bamboo speaker wire
EHR-1,8/5/19 6:39,113,NaN,1,bamboo speaker wire
EHR-1,8/5/19 6:39,113.5,NaN,1,bamboo speaker wire
EER-1,8/5/19 6:42,114,NaN,1,bamboo speaker wire
EER-1,8/5/19 6:42,114.5,NaN,1,bamboo speaker wire
EER-1,8/5/19 6:42,115,NaN,1,bamboo speaker wire
EWR-1,8/5/19 6:44,108,NaN,1,bamboo speaker wire
EWR-1,8/5/19 6:44,107.5,NaN,1,bamboo speaker wire
EWR-1,8/5/19 6:44,107.5,NaN,1,bamboo speaker wire
EFF-XA2N,8/5/19 6:52,70.5,NaN,1,bamboo speaker wire
EFF-XA2N,8/5/19 6:52,70.5,NaN,1,bamboo speaker wire
EFF-XA2N,8/5/19 6:52,70.5,NaN,1,bamboo speaker wire
EFF-XA1N,8/5/19 6:55,NaN,NaN,0,bamboo speaker wire
EWF-XA2S,8/5/19 6:58,NaN,NaN,0,bamboo speaker wire
EHF-XA3S,8/5/19 6:59,126.8,NaN,1,bamboo speaker wire
EHF-XA3S,8/5/19 6:59,126.5,NaN,1,bamboo speaker wire
EHF-XA3S,8/5/19 6:59,125.8,NaN,1,bamboo speaker wire
EWT-1,8/5/19 7:03,147.3,NaN,1,bamboo speaker wire
EWT-1,8/5/19 7:03,147.3,NaN,1,bamboo speaker wire
EWT-1,8/5/19 7:03,147.5,NaN,1,bamboo speaker wire
EFF-XB7S,8/5/19 7:12,53.4,NaN,1,bamboo speaker wire
EFF-XB7S,8/5/19 7:12,53.5,NaN,1,bamboo speaker wire
EFF-XB7S,8/5/19 7:12,53.6,NaN,1,bamboo speaker wire
EEF-1,8/5/19 7:14,112.5,NaN,1,bamboo speaker wire
EEF-1,8/5/19 7:14,112.5,NaN,1,bamboo speaker wire
EEF-1,8/5/19 7:14,112.6,NaN,1,bamboo speaker wire
EET-1,8/5/19 7:18,144,NaN,1,bamboo speaker wire
KFR-XE1S,8/5/19 8:16,119.3,NaN,1,bamboo speaker wire
LHT-1,8/5/19 8:23,115.5,NaN,1,bamboo speaker wire
LHT-1,8/5/19 8:23,115.6,NaN,1,bamboo speaker wire
LHT-1,8/5/19 8:23,115.2,NaN,1,bamboo speaker wire
LET-1,8/5/19 8:24,99,NaN,1,bamboo speaker wire
LET-1,8/5/19 8:24,98.6,NaN,1,bamboo speaker wire
LET-1,8/5/19 8:24,98.8,NaN,1,bamboo speaker wire
KET-1,8/5/19 8:26,32.4,NaN,1,bamboo speaker wire
LWT-1,8/5/19 8:27,107.9,NaN,1,bamboo speaker wire
LWT-1,8/5/19 8:27,107.5,NaN,1,bamboo speaker wire
LWT-1,8/5/19 8:27,107.5,NaN,1,bamboo speaker wire
KHT-XD3S,8/5/19 8:42,NaN,NaN,0,nw
KFR-XE1S,8/6/19 8:16,118.5,NaN,1,bamboo speaker wire
KET-1,8/6/19 8:26,32.5,NaN,1,bamboo speaker wire
KER-1,8/20/19 6:26,96.5,NaN,1,v6
KER-1,8/20/19 6:26,95.5,NaN,1,v6
KER-1,8/20/19 6:26,95.7,NaN,1,v6
KWR-XE1N,8/20/19 6:31,130.4,NaN,1,v6
KWR-XE1N,8/20/19 6:31,131,NaN,1,v6
KWR-XE1N,8/20/19 6:31,130.6,NaN,1,v6
KFR-XE1S,8/20/19 6:34,123,NaN,1,v6
KFR-XE1S,8/20/19 6:34,124,NaN,1,v6
KFR-XE1S,8/20/19 6:34,122.5,NaN,1,v6
KFR-XE2S,8/20/19 6:45,66.2,NaN,1,v6
KFR-XE2S,8/20/19 6:45,65.7,NaN,1,v6
KFR-XE2S,8/20/19 6:45,65.9,NaN,1,v6
KHT-XE4S,8/20/19 6:48,136.5,NaN,1,v6
KHT-XE4S,8/20/19 6:48,136.6,NaN,1,v6
KHT-XE4S,8/20/19 6:48,136.6,NaN,1,v6
KER-XE3S,8/20/19 6:51,-5,NaN,1,nm
KER-XE3S,8/20/19 6:51,-3.5,NaN,1,nm
KER-XE3S,8/20/19 6:51,-4.5,NaN,1,nm
KHT-XE6S,8/20/19 6:53,NaN,NaN,0,nw
KET-1,8/20/19 6:55,36.3,NaN,1,v6
KET-1,8/20/19 6:55,35.5,NaN,1,v6
KET-1,8/20/19 6:55,35.6,NaN,1,v6
KFF-XD6S,8/20/19 7:06,NaN,NaN,0,nw
KWF-1,8/20/19 7:15,136,NaN,1,v6
KWF-1,8/20/19 7:15,137.3,NaN,1,v6
KWF-1,8/20/19 7:15,137.5,NaN,1,v6
KWR-1,8/20/19 7:18,98.5,NaN,1,v6
KWR-1,8/20/19 7:18,99.4,NaN,1,v6
KWR-1,8/20/19 7:18,98,NaN,1,v6
KHR-1,8/20/19 7:28,87.5,NaN,1,v6
KHR-1,8/20/19 7:28,87.6,NaN,1,v6
KHR-1,8/20/19 7:28,88.1,NaN,1,v6
LHT-1,8/20/19 8:11,128.5,NaN,1,v6
LHT-1,8/20/19 8:11,128.8,NaN,1,v6
LHT-1,8/20/19 8:11,127,NaN,1,v6
LET-1,8/20/19 8:14,117,NaN,1,v6
LET-1,8/20/19 8:14,110.6,NaN,1,v6
LET-1,8/20/19 8:14,111.1,NaN,1,v6
LWT-1,8/20/19 8:15,117.8,NaN,1,v6
LWT-1,8/20/19 8:15,118.2,NaN,1,v6
LWT-1,8/20/19 8:15,118.2,NaN,1,v6
EHR-1,8/20/19 8:49,114.5,NaN,1,v6
EHR-1,8/20/19 8:49,114.4,NaN,1,v6
EHR-1,8/20/19 8:49,115,NaN,1,v6
EER-1,8/20/19 8:51,114.8,NaN,1,v6
EER-1,8/20/19 8:51,115.4,NaN,1,v6
EER-1,8/20/19 8:51,114,NaN,1,v6
EWR-1,8/20/19 8:53,108,NaN,1,v6
EWR-1,8/20/19 8:53,109,NaN,1,v6
EWR-1,8/20/19 8:53,110,NaN,1,v6
EFF-XA2N,8/20/19 8:58,70.3,NaN,1,v6
EFF-XA2N,8/20/19 8:58,70.8,NaN,1,v6
EFF-XA2N,8/20/19 8:58,70.5,NaN,1,v6
EHF-XA3S,8/20/19 9:01,NaN,NaN,0,nw
EWT-1,8/20/19 9:04,NaN,NaN,0,nw
EFF-XB7S,8/20/19 9:11,53.6,NaN,1,v6
EFF-XB7S,8/20/19 9:11,53.2,NaN,1,v6
EFF-XB7S,8/20/19 9:11,53,NaN,1,v6
EEF-1,8/20/19 9:12,95.7,NaN,1,v6
EEF-1,8/20/19 9:12,95.8,NaN,1,v6
EEF-1,8/20/19 9:12,96.1,NaN,1,v6
EET-1,8/20/19 9:15,NaN,NaN,0,nw
EHT-XB4S,8/20/19 9:20,NaN,NaN,0,nw
EFR-XB2S,8/20/19 9:22,NaN,NaN,0,nw
KWT-1,8/20/19 17:45,121.8,NaN,1,v6
KWT-1,8/20/19 17:45,121.9,NaN,1,v6
KWT-1,8/20/19 17:45,122.1,NaN,1,v6
KHR-1,9/2/19 8:21,95.5,NaN,1,v6
KHR-1,9/2/19 8:21,95.2,NaN,1,v6
KHR-1,9/2/19 8:21,95.7,NaN,1,v6
KER-1,9/2/19 8:25,113.2,NaN,1,v6
KER-1,9/2/19 8:25,114.2,NaN,1,v6
KER-1,9/2/19 8:25,113.7,NaN,1,v6
KWR-XE1N,9/2/19 8:31,131.7,NaN,1,v6
KWR-XE1N,9/2/19 8:31,132,NaN,1,v6
KWR-XE1N,9/2/19 8:31,132,NaN,1,v6
KFR-XE1S,9/2/19 8:34,124.6,NaN,1,v6
KFR-XE1S,9/2/19 8:34,123.5,NaN,1,v6
KFR-XE1S,9/2/19 8:34,123,NaN,1,v6
KFR-XE2S,9/2/19 8:35,65.5,NaN,1,v6
KFR-XE2S,9/2/19 8:35,65.8,NaN,1,v6
KFR-XE2S,9/2/19 8:35,65.7,NaN,1,v6
KHT-XE4S,9/2/19 8:37,135.7,NaN,1,v6
KHT-XE4S,9/2/19 8:37,135.7,NaN,1,v6
KHT-XE4S,9/2/19 8:37,135.7,NaN,1,v6
KHT-XE6S,9/2/19 8:40,NaN,NaN,0,nw
KET-1,9/2/19 8:41,39,NaN,1,v6
KET-1,9/2/19 8:41,39.3,NaN,1,v6
KET-1,9/2/19 8:41,39.4,NaN,1,v6
KWF-1,9/2/19 8:56,139.8,NaN,1,v6
KWF-1,9/2/19 8:56,140.2,NaN,1,v6
KWF-1,9/2/19 8:56,140.3,NaN,1,v6
KWR-1,9/2/19 9:00,100,NaN,1,v6
KWR-1,9/2/19 9:00,100.4,NaN,1,v6
KWR-1,9/2/19 9:00,100.5,NaN,1,v6
KWT-1,9/2/19 12:35,130,NaN,1,v6
KWT-1,9/2/19 12:35,129.9,NaN,1,v6
KWT-1,9/2/19 12:35,130,NaN,1,v6
KHT-XE5S,9/2/19 12:48,144.8,NaN,1,v6
KHT-XE5S,9/2/19 12:48,145,NaN,1,v6
KHT-XE5S,9/2/19 12:48,144.8,NaN,1,v6
KER-XE3S,9/2/19 12:51,-6.5,NaN,1,nm
KER-XE3S,9/2/19 12:51,-6.3,NaN,1,nm
KER-XE3S,9/2/19 12:51,-4.2,NaN,1,nm
KEF-1,9/2/19 12:52,56.9,NaN,1,v6
KEF-1,9/2/19 12:52,57.6,NaN,1,v6
KEF-1,9/2/19 12:52,57.3,NaN,1,v6
KRH-XD1S,9/2/19 13:12,121.9,NaN,1,v6
KRH-XD1S,9/2/19 13:12,121.9,NaN,1,v6
KRH-XD1S,9/2/19 13:12,121,NaN,1,v6
KHR-XD1N,9/2/19 13:20,118.9,NaN,1,v6
KHR-XD1N,9/2/19 13:20,119,NaN,1,v6
KHR-XD1N,9/2/19 13:20,118.9,NaN,1,v6
KER-XD5N,9/2/19 13:52,74.6,NaN,1,v6
KER-XD5N,9/2/19 13:52,75.1,NaN,1,v6
KER-XD5N,9/2/19 13:52,75.1,NaN,1,v6
LHT-1,9/3/19 7:51,132.6,NaN,1,v6
LHT-1,9/3/19 7:51,132.4,NaN,1,v6
LHT-1,9/3/19 7:51,132.5,NaN,1,v6
LET-1,9/3/19 7:53,121.3,NaN,1,v6
LET-1,9/3/19 7:53,121.6,NaN,1,v6
LET-1,9/3/19 7:53,121.7,NaN,1,v6
LWT-1,9/3/19 7:55,123.5,NaN,1,v6
LWT-1,9/3/19 7:55,123.4,NaN,1,v6
LWT-1,9/3/19 7:55,123.4,NaN,1,v6
EHR-1,9/3/19 8:41,114.4,NaN,1,v6
EHR-1,9/3/19 8:41,114.5,NaN,1,v6
EHR-1,9/3/19 8:41,114.6,NaN,1,v6
EER-1,9/3/19 8:44,114,NaN,1,v6
EER-1,9/3/19 8:44,114.9,NaN,1,v6
EER-1,9/3/19 8:44,114.8,NaN,1,v6
EWR-1,9/3/19 8:47,108.2,NaN,1,v6
EWR-1,9/3/19 8:47,109,NaN,1,v6
EWR-1,9/3/19 8:47,109.5,NaN,1,v6
EEF-1,9/3/19 8:54,76.5,NaN,1,v6
EEF-1,9/3/19 8:54,76.5,NaN,1,v6
EEF-1,9/3/19 8:54,76.2,NaN,1,v6
EFF-XB7S,9/3/19 8:56,52.5,NaN,1,v6
EFF-XB7S,9/3/19 8:56,52.9,NaN,1,v6
EFF-XB7S,9/3/19 8:56,52.9,NaN,1,v6
EFF-XA2N,9/3/19 8:59,70.5,NaN,1,v6
EFF-XA2N,9/3/19 8:59,70.5,NaN,1,v6
EFF-XA2N,9/3/19 8:59,70.7,NaN,1,v6
EHT-XA5S,9/3/19 9:05,NaN,1,0,nw
EET-2,9/3/19 9:08,145.2,NaN,1,v6
EET-2,9/3/19 9:08,145.5,NaN,1,v6
EET-2,9/3/19 9:08,145.8,NaN,1,v6
KWR-XD1N,9/3/19 9:25,135.5,NaN,1,v6
KWR-XD1N,9/3/19 9:25,135.2,NaN,1,v6
KWR-XD1N,9/3/19 9:25,135.5,NaN,1,v6
KHR-XD2N,9/3/19 9:27,52.8,NaN,1,v6
EFR-XB3N,9/3/19 9:29,81,NaN,1,v6
EFR-XB3N,9/3/19 9:29,81.3,NaN,1,v6
EFR-XB3N,9/3/19 9:29,81,NaN,1,v6
EWR-XB4N,9/3/19 9:31,76.7,NaN,1,v6
EWR-XB4N,9/3/19 9:31,76.8,NaN,1,v6
EWR-XB4N,9/3/19 9:31,76.9,NaN,1,v6
KHR-XD2N,9/4/19 0:00,52.6,NaN,1,v6
KHR-XD2N,9/5/19 0:00,52.8,NaN,1,v6
LHT-1,9/21/19 7:25,148,NaN,0,nw
LET-1,9/21/19 7:29,96.5,NaN,1,v6
LET-1,9/21/19 7:29,96.4,NaN,1,v6
LET-1,9/21/19 7:29,96.3,NaN,1,v6
KHT-XD6N,9/21/19 8:12,NaN,NaN,0,nw
KER-1,9/21/19 8:16,97.1,NaN,1,v6
KER-1,9/21/19 8:16,97.2,NaN,1,v6
KER-1,9/21/19 8:16,97.5,NaN,1,v6
KWR-XE1N,9/21/19 8:21,131.3,NaN,1,v6
KWR-XE1N,9/21/19 8:21,131.3,NaN,1,v6
KWR-XE1N,9/21/19 8:21,131.4,NaN,1,v6
KFR-XE1S,9/21/19 8:25,120.6,NaN,1,v6
KFR-XE1S,9/21/19 8:25,120.8,NaN,1,v6
KFR-XE1S,9/21/19 8:25,120.8,NaN,1,v6
KFR-XE2S,9/21/19 8:26,65.5,NaN,1,v6
KFR-XE2S,9/21/19 8:26,65.7,NaN,1,v6
KFR-XE2S,9/21/19 8:26,65.7,NaN,1,v6
KHT-XE4S,9/21/19 8:29,115.5,NaN,1,v6
KHT-XE4S,9/21/19 8:29,115.4,NaN,1,v6
KHT-XE4S,9/21/19 8:29,115.4,NaN,1,v6
KHT-XE6S,9/21/19 8:32,NaN,NaN,0,nw
KFF-XE8S,9/21/19 8:37,NaN,NaN,0,nw
KWF-1,9/21/19 8:53,111.4,NaN,1,v6
KWF-1,9/21/19 8:53,111.6,NaN,1,v6
KWF-1,9/21/19 8:53,111.6,NaN,1,v6
KWR-1,9/21/19 8:58,99.5,NaN,1,v6
KWR-1,9/21/19 8:58,99.5,NaN,1,v6
KWR-1,9/21/19 8:58,99.7,NaN,1,v6
EHR-1,9/21/19 9:23,101.9,NaN,1,v6
EHR-1,9/21/19 9:23,102.2,NaN,1,v6
EHR-1,9/21/19 9:23,102.4,NaN,1,v6
EER-1,9/21/19 9:25,100.5,NaN,1,v6
EER-1,9/21/19 9:25,100.3,NaN,1,v6
EER-1,9/21/19 9:25,100.4,NaN,1,v6
EWR-1,9/21/19 9:26,105.5,NaN,1,v6
EWR-1,9/21/19 9:26,105.5,NaN,1,v6
EWR-1,9/21/19 9:26,106,NaN,1,v6
EET-1,9/21/19 9:31,NaN,NaN,0,nw
EEF-1,9/21/19 9:34,58,NaN,1,v6
EEF-1,9/21/19 9:34,58.2,NaN,1,v6
EEF-1,9/21/19 9:34,58.1,NaN,1,v6
EFF-XB7S,9/21/19 9:42,50.9,NaN,1,v6
EFF-XB7S,9/21/19 9:42,51,NaN,1,v6
EFF-XB7S,9/21/19 9:42,50.9,NaN,1,v6
EWT-1,9/21/19 9:44,127.9,NaN,1,v6
EWT-1,9/21/19 9:44,127.4,NaN,1,v6
EWT-1,9/21/19 9:44,128,NaN,1,v6
EHT-XA5S,9/21/19 9:48,NaN,NaN,0,nw
KHT-XE5S,9/21/19 9:48,NaN,NaN,0,nw
KHT-XE5S,9/21/19 9:48,NaN,NaN,0,nw
KHT-XE5S,9/21/19 9:48,NaN,NaN,0,nw
EFF-XA1N,9/21/19 10:39,124,NaN,1,v6
EFF-XA1N,9/21/19 10:39,124.5,NaN,1,v6
EFF-XA1N,9/21/19 10:39,125,NaN,1,v6
EHF-XA3S,9/21/19 10:40,85,NaN,1,v6
EHF-XA3S,9/21/19 10:40,85.2,NaN,1,v6
EHF-XA3S,9/21/19 10:40,85.2,NaN,1,v6
EFF-XA2N,9/21/19 10:41,55.9,NaN,1,v6
EFF-XA2N,9/21/19 10:41,56,NaN,1,v6
EFF-XA2N,9/21/19 10:41,56.2,NaN,1,v6
EWF-XA2S,9/21/19 10:41,NaN,NaN,0,nw
LWT-1,9/21/19 16:53,100.5,NaN,1,v6
LWT-1,9/21/19 16:53,100.2,NaN,1,v6
LWT-1,9/21/19 16:53,101,NaN,1,v6
EHT-XA5S,10/5/19 0:00,NaN,NaN,0,nw
EHR-1,10/5/19 7:00,93.9,NaN,1,v6
EHR-1,10/5/19 7:00,93.5,NaN,1,v6
EHR-1,10/5/19 7:00,93.8,NaN,1,v6
EER-1,10/5/19 7:04,99.1,NaN,1,v6
EER-1,10/5/19 7:04,99.2,NaN,1,v6
EER-1,10/5/19 7:04,99.4,NaN,1,v6
EWR-1,10/5/19 7:06,103.5,NaN,1,v6
EWR-1,10/5/19 7:06,103.7,NaN,1,v6
EWR-1,10/5/19 7:06,103.7,NaN,1,v6
EEF-1,10/5/19 7:12,59.4,NaN,1,v6
EEF-1,10/5/19 7:12,59.5,NaN,1,v6
EEF-1,10/5/19 7:12,60,NaN,1,v6
EFF-XB7S,10/5/19 7:15,51.1,NaN,1,v6
EFF-XB7S,10/5/19 7:15,51.1,NaN,1,v6
EFF-XB7S,10/5/19 7:15,51.1,NaN,1,v6
EWT-1,10/5/19 7:24,113.2,NaN,1,v6
EWT-1,10/5/19 7:24,113.6,NaN,1,v6
EWT-1,10/5/19 7:24,114,NaN,1,v6
EHF-XA3S,10/5/19 7:28,81,NaN,1,v6
EHF-XA3S,10/5/19 7:28,81.1,NaN,1,v6
EHF-XA3S,10/5/19 7:28,81.5,NaN,1,v6
EWF-XA2S,10/5/19 7:30,136.2,NaN,1,v6
EWF-XA2S,10/5/19 7:30,136.4,NaN,1,v6
EWF-XA2S,10/5/19 7:30,136.5,NaN,1,v6
EFF-XA2N,10/5/19 7:34,124.5,NaN,1,v6
EFF-XA2N,10/5/19 7:34,124.5,NaN,1,v6
EFF-XA2N,10/5/19 7:34,124.6,NaN,1,v6
EFF-XA1N,10/5/19 7:35,52.3,NaN,1,v6
EFF-XA1N,10/5/19 7:35,52.4,NaN,1,v6
EFF-XA1N,10/5/19 7:35,52.5,NaN,1,v6
LHT-1,10/5/19 8:05,65.9,NaN,1,v6
LHT-1,10/5/19 8:05,66.3,NaN,1,v6
LHT-1,10/5/19 8:05,66.1,NaN,1,v6
KER-1,10/5/19 8:10,90.2,NaN,1,v6
KER-1,10/5/19 8:10,90.4,NaN,1,v6
KER-1,10/5/19 8:10,90.5,NaN,1,v6
KWR-XE1N,10/5/19 8:18,131.6,NaN,1,v6
KWR-XE1N,10/5/19 8:18,131.5,NaN,1,v6
KWR-XE1N,10/5/19 8:18,131.6,NaN,1,v6
KFR-XE1S,10/5/19 8:20,118.2,NaN,1,v6
KFR-XE1S,10/5/19 8:20,118.2,NaN,1,v6
KFR-XE1S,10/5/19 8:20,118.6,NaN,1,v6
KFR-XE2S,10/5/19 8:22,65.2,NaN,1,v6
KFR-XE2S,10/5/19 8:22,65.4,NaN,1,v6
KFR-XE2S,10/5/19 8:22,66,NaN,1,v6
KER-XE3S,10/5/19 8:25,-9,NaN,1,nm
KER-XE3S,10/5/19 8:25,-9.5,NaN,1,nm
KER-XE3S,10/5/19 8:25,-12,NaN,1,nm
KHT-XE4S,10/5/19 8:28,107.8,NaN,1,v6
KHT-XE4S,10/5/19 8:28,108,NaN,1,v6
KHT-XE4S,10/5/19 8:28,108.4,NaN,1,v6
KHT-XE6S,10/5/19 8:30,NaN,NaN,0,nw
KHF-1,10/5/19 8:46,108.6,NaN,1,v6
KHF-1,10/5/19 8:46,108.2,NaN,1,v6
KHF-1,10/5/19 8:46,109,NaN,1,v6
KWF-1,10/5/19 8:49,94.9,NaN,1,v6
KWF-1,10/5/19 8:49,94.6,NaN,1,v6
KWF-1,10/5/19 8:49,94.6,NaN,1,v6
KWR-1,10/5/19 8:55,99,NaN,1,v6
KWR-1,10/5/19 8:55,98.9,NaN,1,v6
KWR-1,10/5/19 8:55,99.1,NaN,1,v6
LHT-1,10/5/19 9:38,104.9,NaN,1,v6
LHT-1,10/5/19 9:38,104.9,NaN,1,v6
LHT-1,10/5/19 9:38,105,NaN,1,v6
LET-1,10/5/19 9:39,83.8,NaN,1,v6
LET-1,10/5/19 9:39,84,NaN,1,v6
LET-1,10/5/19 9:39,84,NaN,1,v6
LWT-1,10/5/19 9:41,94.1,NaN,1,v6
LWT-1,10/5/19 9:41,94,NaN,1,v6
LWT-1,10/5/19 9:41,94,NaN,1,v6
LWT-1,10/19/19 10:10,91.6,NaN,1,v6
LWT-1,10/19/19 10:10,91.6,NaN,1,v6
LWT-1,10/19/19 10:10,91.2,NaN,1,v6
LET-1,10/19/19 10:13,75.6,NaN,1,v6
LET-1,10/19/19 10:13,75.6,NaN,1,v6
LET-1,10/19/19 10:13,76,NaN,1,v6
LHT-1,10/19/19 10:16,136,NaN,1,v6
LHT-1,10/19/19 10:16,136.3,NaN,1,v6
LHT-1,10/19/19 10:16,137,NaN,1,v6
KER-XD5N,10/20/19 7:40,44.6,NaN,1,v6
KER-XD5N,10/20/19 7:40,44.7,NaN,1,v6
KER-XD5N,10/20/19 7:40,44.7,NaN,1,v6
LHT-1,10/20/19 7:42,63.8,NaN,1,v6
LHT-1,10/20/19 7:42,64,NaN,1,v6
LHT-1,10/20/19 7:42,64.1,NaN,1,v6
KER-1,10/20/19 10:29,88.9,NaN,1,v6
KER-1,10/20/19 10:29,87.7,NaN,1,v6
KER-1,10/20/19 10:29,88.5,NaN,1,v6
KWR-XE1N,10/20/19 10:44,132.3,0,1,v6
KWR-XE1N,10/20/19 10:44,132.5,NaN,1,v6
KWR-XE1N,10/20/19 10:44,132.6,NaN,1,v6
KFR-XE1S,10/20/19 10:46,118,0,1,v6
KFR-XE1S,10/20/19 10:46,118.1,NaN,1,v6
KFR-XE1S,10/20/19 10:46,118.2,NaN,1,v6
KFR-XE2S,10/20/19 10:48,65.5,0,1,v6
KFR-XE2S,10/20/19 10:48,65.6,NaN,1,v6
KFR-XE2S,10/20/19 10:48,65.5,NaN,1,v6
KER-XE3S,10/20/19 10:50,-4.5,NaN,1,nm
KER-XE3S,10/20/19 10:50,-8.2,NaN,1,nm
KER-XE3S,10/20/19 10:50,-3.5,NaN,1,nm
KHT-XE4S,10/20/19 10:53,104.4,0,1,v6
KHT-XE4S,10/20/19 10:53,104.5,NaN,1,v6
KHT-XE4S,10/20/19 10:53,104.6,NaN,1,v6
KHT-XE5S,10/20/19 11:00,124.7,1,1,v6
KHT-XE5S,10/20/19 11:00,123.4,1,1,v6
KHT-XE5S,10/20/19 11:00,124.2,1,1,v6
KWT-1,10/20/19 11:22,61.5,1,1,v6
KWT-1,10/20/19 11:22,61.8,NaN,1,v6
KWT-1,10/20/19 11:22,61.9,NaN,1,v6
KET-1,10/20/19 11:29,43.2,NaN,1,v6
KET-1,10/20/19 11:29,43.1,NaN,1,v6
KET-1,10/20/19 11:29,43.1,NaN,1,v6
KRH-XD1S,10/20/19 11:44,119.7,0,1,v6
KRH-XD1S,10/20/19 11:44,119.6,NaN,1,v6
KRH-XD1S,10/20/19 11:44,119.8,NaN,1,v6
KHR-XD1N,10/20/19 11:47,118.5,NaN,1,v6
KHR-XD1N,10/20/19 11:47,118.6,NaN,1,v6
KHR-XD1N,10/20/19 11:47,118.4,NaN,1,v6
KHF-1,10/20/19 12:03,101.3,0,1,v6
KHF-1,10/20/19 12:03,101.5,NaN,1,v6
KHF-1,10/20/19 12:03,101.2,NaN,1,v6
KEF-1,10/20/19 12:09,54.2,1,1,v6
KEF-1,10/20/19 12:09,54.4,NaN,1,v6
KEF-1,10/20/19 12:09,54.7,NaN,1,v6
KWF-1,10/20/19 12:14,88.3,NaN,1,v6
KWF-1,10/20/19 12:14,88.1,NaN,1,v6
KWF-1,10/20/19 12:14,88.5,NaN,1,v6
KWR-1,10/20/19 12:18,100.1,NaN,1,v6
KWR-1,10/20/19 12:18,100.2,NaN,1,v6
KWR-1,10/20/19 12:18,100.3,NaN,1,v6
EHT-XB4S,10/20/19 13:04,124,NaN,1,v6
EHT-XB4S,10/20/19 13:04,124,NaN,1,v6
EHT-XB4S,10/20/19 13:04,124.3,NaN,1,v6
EHR-1,10/20/19 14:06,91.6,NaN,1,v6
EHR-1,10/20/19 14:06,91.8,NaN,1,v6
EHR-1,10/20/19 14:06,91.9,NaN,1,v6
EWR-XB4N,10/20/19 14:08,66.1,NaN,1,v6
EWR-XB4N,10/20/19 14:08,66.3,NaN,1,v6
EWR-XB4N,10/20/19 14:08,66.2,NaN,1,v6
EFR-XB3N,10/20/19 14:10,68.2,NaN,1,v6
EFR-XB3N,10/20/19 14:10,68.6,NaN,1,v6
EFR-XB3N,10/20/19 14:10,68.6,NaN,1,v6
EFR-XB2N,10/20/19 14:11,47.4,NaN,1,v6
EFR-XB2N,10/20/19 14:11,47.6,NaN,1,v6
EFR-XB2N,10/20/19 14:11,46.6,NaN,1,v6
EHR-XB1N,10/20/19 14:12,118.7,NaN,1,v6
EHR-XB1N,10/20/19 14:12,118.4,NaN,1,v6
EHR-XB1N,10/20/19 14:12,118.5,NaN,1,v6
EER-1,10/20/19 14:14,97.9,NaN,1,v6
EER-1,10/20/19 14:14,97.9,NaN,1,v6
EER-1,10/20/19 14:14,97.4,NaN,1,v6
EWR-1,10/20/19 14:17,101,NaN,1,v6
EWR-1,10/20/19 14:17,101,NaN,1,v6
EWR-1,10/20/19 14:17,101,NaN,1,v6
EFF-XA2N,10/20/19 14:23,50,NaN,1,v6
EFF-XA2N,10/20/19 14:23,49.6,NaN,1,v6
EFF-XA2N,10/20/19 14:23,49.5,NaN,1,v6
EFF-XA1N,10/20/19 14:25,120.5,NaN,1,v6
EFF-XA1N,10/20/19 14:25,120.6,NaN,1,v6
EFF-XA1N,10/20/19 14:25,120.9,NaN,1,v6
EHF-XA3S,10/20/19 14:29,76,NaN,1,v6
EHF-XA3S,10/20/19 14:29,76.1,NaN,1,v6
EHF-XA3S,10/20/19 14:29,76.1,NaN,1,v6
EHT-XA5S,10/20/19 14:32,78,NaN,1,v6
EHT-XA5S,10/20/19 14:32,78.4,NaN,1,v6
EHT-XA5S,10/20/19 14:32,78.2,NaN,1,v6
EET-2,10/20/19 14:35,103.6,NaN,1,v6
EET-2,10/20/19 14:35,103.9,NaN,1,v6
EET-2,10/20/19 14:35,103.9,NaN,1,v6
EWT-1,10/20/19 14:37,107.5,NaN,1,v6
EWT-1,10/20/19 14:37,107.4,NaN,1,v6
EWT-1,10/20/19 14:37,107.5,NaN,1,v6
EFF-XB7S,10/20/19 14:45,51,NaN,1,v6
EFF-XB7S,10/20/19 14:45,51.1,NaN,1,v6
EFF-XB7S,10/20/19 14:45,51.2,NaN,1,v6
EEF-1,10/20/19 14:51,61.7,NaN,1,v6
EEF-1,10/20/19 14:51,61.3,NaN,1,v6
EEF-1,10/20/19 14:51,61.2,NaN,1,v6
EET-1,10/20/19 15:00,140.5,NaN,1,v6
EET-1,10/20/19 15:00,140.4,NaN,1,v6
EET-1,10/20/19 15:00,140.4,NaN,1,v6
EFR-XB3S,10/20/19 15:05,133.6,NaN,1,v6
EFR-XB3S,10/20/19 15:05,133.6,NaN,1,v6
EFR-XB3S,10/20/19 15:05,133.9,NaN,1,v6
EFR-XB2S,10/20/19 15:07,NaN,NaN,0,nw
EFR-XB1S,10/20/19 15:09,133.5,NaN,1,v6
EFR-XB1S,10/20/19 15:09,133.6,NaN,1,v6
EFR-XB1S,10/20/19 15:09,133.4,NaN,1,v6
EWF-XA2S,10/21/19 2:27,126.6,NaN,1,v6
EWF-XA2S,10/21/19 2:27,126.4,NaN,1,v6
EWF-XA2S,10/21/19 2:27,126.5,NaN,1,v6
