well_id,timestamp,welltop_to_water_cm,water_level_1_cm,water_level_2_cm,water_level_3_cm,water_binary,logger?,meter_id,soil moisture,notes,vegetation,HGMZ
LHT-1,5/20/21 6:53,84.4296,84.4296,84.4296,84.4296,TRUE,FALSE,solinst,,frost on ground and grass,,
LET-1,5/20/21 6:54,67.6656,67.6656,67.6656,67.6656,TRUE,FALSE,solinst,,,,
LWT-1,5/20/21 6:57,85.6488,85.6488,85.6488,85.6488,TRUE,FALSE,solinst,,,,
EHR-1,5/20/21 7:38,100.2792,100.2792,100.2792,100.2792,TRUE,FALSE,solinst,,,,
EER-1,5/20/21 7:40,107.188,106.9848,107.2896,107.2896,TRUE,FALSE,solinst,,,,
EWR-1,5/20/21 7:42,107.5944,107.5944,107.5944,107.5944,TRUE,FALSE,solinst,,,,
EFF-XA2N,5/20/21 7:50,54.6608,54.5592,54.5592,54.864,TRUE,FALSE,solinst,,,,
EWF-XA1N,5/20/21 7:52,136.652,136.5504,136.5504,136.8552,TRUE,FALSE,solinst,,"test: switching A2S and A3S readings (11/17/2024), otherwise A2S plot doesn't make sense",,
EFF-XA2S,5/20/21 7:55,129.54,129.54,129.54,129.54,TRUE,FALSE,solinst,,,,
EEF-XA3S,5/20/21 7:57,81.1784,81.0768,81.0768,81.3816,TRUE,FALSE,solinst,moist-saturated,,,
EET-2,5/20/21 8:02,106.3752,106.3752,106.3752,106.3752,TRUE,FALSE,solinst,moist-saturated,,,
EWT-1,5/20/21 8:05,135.2296,135.0264,135.3312,135.3312,TRUE,FALSE,solinst,moist-wet,no flow in small channel to west of well,,
EHT-XB5S,5/20/21 8:12,61.5696,61.5696,61.5696,61.5696,TRUE,FALSE,solinst,moist-wet,,,
EHF-XB7S,5/20/21 8:15,39.0144,39.0144,39.0144,39.0144,TRUE,FALSE,solinst,standing,"saturated and soggy, 1-2 mm of standing water",,
EHT-XB6S,5/20/21 8:15,42.0624,42.0624,42.0624,42.0624,TRUE,FALSE,solinst,moist-wet,bear poop nearby; pines within 2.5 meters of well,,
EEF-1,5/20/21 8:20,72.5424,72.5424,72.5424,72.5424,TRUE,FALSE,solinst,wet-saturated,,,
EET-1,5/20/21 8:22,104.8512,104.8512,104.8512,104.8512,TRUE,FALSE,solinst,wet-saturated,,,
EHT-XC6S,5/20/21 8:23,,,,,FALSE,FALSE,solinst,,no water,,
EHT-XC5S,5/20/21 8:27,91.44,91.44,91.44,91.44,TRUE,TRUE,solinst,moist-wet,,,
EER-XB4S,5/20/21 8:35,120.0912,120.0912,120.0912,120.0912,TRUE,FALSE,solinst,wet-saturated,,,
EFR-XB3S,5/20/21 8:37,125.5776,125.5776,125.5776,125.5776,TRUE,TRUE,solinst,wet-saturated,,,
EFR-XB2S,5/20/21 8:39,135.9408,135.9408,135.9408,135.9408,TRUE,FALSE,solinst,wet-saturated,,,
EFR-XB1S,5/20/21 8:41,136.2456,136.2456,136.2456,136.2456,TRUE,FALSE,solinst,moist,,,
EHR-XB1N,5/20/21 8:43,130.7592,130.7592,130.7592,130.7592,TRUE,TRUE,solinst,moist,,,
EHR-XB2N,5/20/21 8:45,52.4256,52.4256,52.4256,52.4256,TRUE,TRUE,solinst,wet-saturated,,,
EWR-XB3N,5/20/21 8:46,73.4568,73.4568,73.4568,73.4568,TRUE,TRUE,solinst,wet-saturated,,,
EWR-XB4N,5/20/21 8:48,69.4944,69.4944,69.4944,69.4944,TRUE,TRUE,solinst,moist-wet,,,
KHT-XD6N,6/6/21 6:28,131.9784,131.9784,131.9784,131.9784,TRUE,FALSE,solinst,,,,
KER-1,6/6/21 6:32,100.076,99.9744,99.9744,100.2792,TRUE,FALSE,solinst,,,,
KWR-XE1N,6/6/21 6:39,135.8392,135.636,135.9408,135.9408,TRUE,FALSE,solinst,,,,
KFR-XE1S,6/6/21 6:41,124.968,124.968,124.968,124.968,TRUE,FALSE,solinst,,,,
KFR-XE2S,6/6/21 6:42,63.8048,64.008,63.7032,63.7032,TRUE,FALSE,solinst,,,,
KHT-XE4S,6/6/21 6:44,105.9688,106.0704,106.0704,105.7656,TRUE,FALSE,solinst,,,,
KER-XE3S,6/6/21 6:45,-5.58800001,-5.08000001,-5.08000001,-6.60400001,TRUE,FALSE,solinst,,,,
KHT-XE5S,6/6/21 6:47,112.0648,112.1664,112.1664,111.8616,TRUE,TRUE,solinst,,,,
KET-1,6/6/21 6:50,53.6448,53.6448,53.6448,53.6448,TRUE,FALSE,solinst,,,,
KHT-XE6S,6/6/21 6:52,81.3816,81.3816,81.3816,81.3816,TRUE,FALSE,solinst,,,,
KHF-XE7S,6/6/21 6:53,80.772,80.772,80.772,80.772,TRUE,FALSE,solinst,,needs a black cap,,
KWF-XE8S,6/6/21 6:55,44.196,44.196,44.196,44.196,TRUE,FALSE,solinst,,"well sheared at ground, needs replacement; reading from ground not top of well",,
KWT-1,6/6/21 6:58,106.3752,106.3752,106.3752,106.3752,TRUE,FALSE,solinst,,,,
KFF-XD6S,6/6/21 7:04,83.82,83.82,83.82,83.82,TRUE,TRUE,solinst,,,,
KHF-XD4S,6/6/21 7:06,137.16,137.16,137.16,137.16,TRUE,TRUE,solinst,,,,
KFT-XD3S,6/6/21 7:07,131.6736,131.6736,131.6736,131.6736,TRUE,TRUE,solinst,,,,
KHR-XD1S,6/6/21 7:08,125.1712,125.2728,125.2728,124.968,TRUE,,solinst,,,,
KEF-1,6/6/21 7:15,53.1368,53.0352,53.0352,53.34,TRUE,TRUE,solinst,,,,
KHF-1,6/6/21 7:17,115.5192,115.2144,115.5192,115.824,TRUE,TRUE,solinst,,,,
KWF-1,6/6/21 7:19,80.4672,80.4672,80.4672,80.4672,TRUE,FALSE,solinst,,,,
KWR-1,6/6/21 7:21,,,,,,FALSE,solinst,,cap stuck shut,,
KHR-XD1N,6/6/21 7:38,129.032,128.016,128.016,131.064,TRUE,FALSE,solinst,,,,
KHR-1,6/6/21 7:41,87.6808,87.7824,87.7824,87.4776,TRUE,FALSE,solinst,,,,
KER-XD5N,6/6/21 7:42,56.0832,56.388,56.388,55.4736,TRUE,TRUE,solinst,,,,
EHR-1,6/6/21 7:59,109.728,109.728,109.728,109.728,TRUE,FALSE,solinst,,,,
EER-1,6/6/21 8:01,116.2304,116.1288,116.1288,116.4336,TRUE,FALSE,solinst,,,,
EWR-1,6/6/21 8:02,113.0808,113.0808,113.0808,113.0808,TRUE,FALSE,solinst,,,,
EFF-XA2N,6/6/21 8:09,64.008,64.008,64.008,64.008,TRUE,FALSE,solinst,,,,
EWF-XA1N,6/6/21 8:10,147.828,147.828,147.828,147.828,TRUE,FALSE,solinst,,,,
EEF-XA3S,6/6/21 8:12,105.2576,105.156,105.156,105.4608,TRUE,FALSE,solinst,,,,
EFF-XA2S,6/6/21 8:13,145.4912,145.0848,145.6944,145.6944,TRUE,FALSE,solinst,,"3.45, 3.45, 3.46",,
EHT-XA5S,6/6/21 8:15,117.4496,117.348,117.348,117.6528,TRUE,TRUE,solinst,,,,
EET-2,6/6/21 8:16,129.3368,129.2352,129.2352,129.54,TRUE,FALSE,solinst,,,,
EWT-1,6/6/21 8:18,149.1488,149.0472,149.0472,149.352,TRUE,TRUE,solinst,,,,
EHT-XB5S,6/6/21 8:24,83.6168,83.5152,83.5152,83.82,TRUE,TRUE,solinst,,,,
EHT-XB6S,6/6/21 8:27,59.5376,59.436,59.436,59.7408,TRUE,FALSE,solinst,,,,
EHF-XB7S,6/6/21 8:30,62.484,62.484,62.484,62.484,TRUE,FALSE,solinst,saturated,,,
EEF-1,6/6/21 8:31,97.536,94.488,97.536,100.584,TRUE,FALSE,solinst,saturated,,,
EET-1,6/6/21 8:34,109.6264,109.4232,109.728,109.728,TRUE,FALSE,solinst,,,,
EER-XB4S,6/6/21 8:38,129.4384,129.54,129.54,129.2352,TRUE,FALSE,solinst,,,,
EFR-XB3S,6/6/21 8:39,137.16,137.16,137.16,137.16,TRUE,TRUE,solinst,,,,
EFR-XB2S,6/6/21 8:41,142.0368,142.0368,142.0368,142.0368,TRUE,FALSE,solinst,,,,
EFR-XB1S,6/6/21 8:42,138.5824,137.16,139.2936,139.2936,TRUE,FALSE,solinst,,,,
EHR-XB1N,6/6/21 8:43,141.3256,141.1224,141.4272,141.4272,TRUE,TRUE,solinst,,,,
EHR-XB2N,6/6/21 8:44,58.1152,58.2168,58.2168,57.912,TRUE,TRUE,solinst,,,,
EWR-XB3N,6/6/21 8:45,81.788,81.6864,81.6864,81.9912,TRUE,TRUE,solinst,,,,
EWR-XB4N,6/6/21 8:46,78.0288,77.724,78.0288,78.3336,TRUE,FALSE,solinst,,,,
LHT-1,6/6/21 9:19,98.1456,98.1456,98.1456,98.1456,TRUE,FALSE,solinst,,mud,,
LET-1,6/6/21 9:20,79.9592,79.8576,79.8576,80.1624,TRUE,FALSE,solinst,,,,
LWT-1,6/6/21 9:23,95.504,95.4024,95.4024,95.7072,TRUE,FALSE,solinst,,,,
KWF-1,6/20/21 6:18,85.344,85.344,85.344,85.344,TRUE,FALSE,solinst,,,,
KHF-1,6/20/21 6:21,135.3312,135.3312,135.3312,135.3312,TRUE,FALSE,solinst,,,,
KEF-1,6/20/21 6:23,54.356,54.2544,54.2544,54.5592,TRUE,FALSE,solinst,,,,
KHR-XD1S,6/20/21 6:30,125.8824,125.8824,125.8824,125.8824,TRUE,FALSE,solinst,,,,
KFT-XD3S,6/20/21 6:31,,,,,FALSE,FALSE,solinst,,no water,,
KHF-XD4S,6/20/21 6:32,153.924,153.924,153.924,153.924,TRUE,FALSE,solinst,,,,
KFF-XD6S,6/20/21 6:35,134.5184,134.4168,134.4168,134.7216,TRUE,FALSE,solinst,,,,
KWT-1,6/20/21 6:41,83.82,83.82,83.82,83.82,TRUE,FALSE,solinst,,ground to top = 6.8 cm,,
KWF-XE8S,6/20/21 6:45,121.92,121.92,121.92,121.92,TRUE,FALSE,solinst,,,,
KHF-XE7S,6/20/21 6:47,83.82,83.82,83.82,83.82,TRUE,FALSE,solinst,,,,
KET-1,6/20/21 6:48,53.0352,53.0352,53.0352,53.0352,TRUE,FALSE,solinst,,,,
KHT-XE6S,6/20/21 6:50,121.7168,121.6152,121.6152,121.92,TRUE,FALSE,solinst,,,,
KHT-XE5S,6/20/21 6:52,144.5768,144.4752,144.4752,144.78,TRUE,FALSE,solinst,,,,
KHT-XE4S,6/20/21 6:53,131.064,131.064,131.064,131.064,TRUE,FALSE,solinst,,,,
KER-XE3S,6/20/21 6:57,-6.633333333,-6,-6.5,-7.4,TRUE,FALSE,solinst,,,,
KFR-XE2S,6/20/21 6:57,63.7032,63.3984,63.7032,64.008,TRUE,FALSE,solinst,,,,
KFR-XE1S,6/20/21 6:58,127.1016,126.7968,127.1016,127.4064,TRUE,FALSE,solinst,,,,
KWR-XE1N,6/20/21 7:00,139.192,138.9888,139.2936,139.2936,TRUE,FALSE,solinst,,,,
KER-1,6/20/21 7:07,147.32,147.2184,147.2184,147.5232,TRUE,FALSE,solinst,,near bottom,,
KHR-1,6/20/21 7:11,142.748,142.6464,142.6464,142.9512,TRUE,FALSE,solinst,,,,
KHR-XD1N,6/20/21 7:11,126.2888,126.1872,126.1872,126.492,TRUE,FALSE,solinst,,,,
KER-XD5N,6/20/21 7:12,76.8096,76.8096,76.8096,76.8096,TRUE,TRUE,solinst,,,,
KHT-XD6N,6/20/21 7:14,115.316,115.2144,115.2144,115.5192,TRUE,FALSE,solinst,,,,
EHR-1,6/20/21 7:43,115.0112,114.9096,114.9096,115.2144,TRUE,FALSE,solinst,,,,
EER-1,6/20/21 7:45,118.9736,118.872,118.872,119.1768,TRUE,FALSE,solinst,,,,
EWR-1,6/20/21 7:46,115.1128,115.2144,115.2144,114.9096,TRUE,FALSE,solinst,,,,
EFF-XA2N,6/20/21 7:53,70.9168,70.7136,71.0184,71.0184,TRUE,FALSE,solinst,,"had entered as 3.32, 3.33, 3.33 ft in fieldbook, but was working solo and think I mis-entered it by 1 ft (after looking at the plot). This could very well have happened.",,
EWF-XA1N,6/20/21 7:54,148.336,148.1328,148.4376,148.4376,TRUE,FALSE,solinst,,,,
EFF-XA2S,6/20/21 7:57,153.416,153.3144,153.3144,153.6192,TRUE,FALSE,solinst,,near bottom,,
EEF-XA3S,6/20/21 7:58,152.4,152.4,152.4,152.4,TRUE,FALSE,solinst,,mud at bottom,,
EHT-XA5S,6/20/21 8:01,143.1544,142.9512,143.256,143.256,TRUE,TRUE,solinst,,,,
EET-2,6/20/21 8:02,148.7424,148.7424,148.7424,148.7424,TRUE,FALSE,solinst,,near bottom,,
EWT-1,6/20/21 8:05,150.876,150.876,150.876,150.876,TRUE,TRUE,solinst,,mud at bottom,,
EHT-XB5S,6/20/21 8:10,115.4176,115.5192,115.5192,115.2144,TRUE,FALSE,solinst,,,,
EHT-XB6S,6/20/21 8:12,96.9264,96.9264,96.9264,96.9264,TRUE,FALSE,solinst,,,,
EHF-XB7S,6/20/21 8:14,75.0824,74.9808,74.9808,75.2856,TRUE,FALSE,solinst,saturated,no standing water,,
EEF-1,6/20/21 8:17,128.4224,128.3208,128.3208,128.6256,TRUE,FALSE,solinst,moist-wet,,,
EET-1,6/20/21 8:20,143.3576,143.256,143.256,143.5608,TRUE,FALSE,solinst,dry-moist,,,
EHT-XC5S,6/20/21 8:23,121.92,121.92,121.92,121.92,TRUE,FALSE,solinst,,past instrumentation at forest edge,,
EER-XB4S,6/20/21 8:27,141.224,141.1224,141.4272,141.1224,TRUE,FALSE,solinst,,sedge dominant,,
EFR-XB3S,6/20/21 8:29,151.0792,151.1808,151.1808,150.876,TRUE,TRUE,solinst,,,,
EFR-XB2S,6/20/21 8:30,,,,,FALSE,FALSE,solinst,,no water,,
EHR-XB1N,6/20/21 8:33,145.6944,145.6944,145.6944,145.6944,TRUE,TRUE,solinst,,,,
EHR-XB2N,6/20/21 8:34,62.992,60.96,64.008,64.008,TRUE,TRUE,solinst,,,,
EWR-XB3N,6/20/21 8:36,85.1408,85.0392,85.0392,85.344,TRUE,TRUE,solinst,,,,
EWR-XB4N,6/20/21 8:37,81.788,81.6864,81.6864,81.9912,TRUE,TRUE,solinst,,,,
EFR-XB1S,6/20/21 8:42,139.192,138.9888,139.2936,139.2936,TRUE,FALSE,solinst,,,,
LHT-1,6/20/21 9:05,114.7064,114.6048,114.6048,114.9096,TRUE,FALSE,solinst,,,,
LET-1,6/20/21 9:06,96.2152,96.012,96.012,96.6216,TRUE,FALSE,solinst,,,,
LWT-1,6/20/21 9:07,108.204,108.204,108.204,108.204,TRUE,FALSE,solinst,,,,
KWR-1,6/20/21 12:56,103.632,103.632,103.632,103.632,TRUE,FALSE,solinst,,"ground to top = 75.7, 71.2, 70.4 cm",,
KHR-1,7/2/21 20:04,127.1016,127.1016,127.1016,127.1016,TRUE,TRUE,solinst,,Friday night,,
KHT-XD6N,7/4/21 6:59,179.7304,179.832,179.832,179.5272,TRUE,FALSE,solinst,,,,
KER-XD5N,7/4/21 7:00,102.108,102.108,102.108,102.108,TRUE,FALSE,solinst,,,,
KHR-1,7/4/21 7:03,126.5936,126.492,126.492,126.7968,TRUE,TRUE,solinst,,gain of .02 inches,,
KHR-XD1N,7/4/21 7:05,126.7968,127.1016,126.492,126.7968,TRUE,FALSE,solinst,,,,
KER-1,7/4/21 7:08,147.6248,147.5232,147.5232,147.828,TRUE,FALSE,solinst,,,,
KWR-XE1N,7/4/21 7:14,139.5984,139.5984,139.5984,139.5984,TRUE,FALSE,solinst,,,,
KFR-XE1S,7/4/21 7:17,127,126.7968,127.1016,127.1016,TRUE,FALSE,solinst,,,,
KFR-XE2S,7/4/21 7:18,64.7192,64.6176,64.6176,64.9224,TRUE,FALSE,solinst,saturated,soggy,,
KHT-XE4S,7/4/21 7:19,141.732,141.732,141.732,141.732,TRUE,FALSE,solinst,,,,
KER-XE3S,7/4/21 7:20,-7.55904,-6.49224,-8.19912,-7.98576,TRUE,FALSE,solinst,,,,
KHT-XE5S,7/4/21 7:23,148.844,148.7424,148.7424,149.0472,TRUE,FALSE,solinst,,,,
KET-1,7/4/21 7:25,53.848,53.9496,53.9496,53.6448,TRUE,TRUE,solinst,,,,
KHT-XE6S,7/4/21 7:25,180.4416,180.4416,180.4416,180.4416,TRUE,FALSE,solinst,,at or near bottom,,
KHF-XE7S,7/4/21 7:28,84.4296,84.4296,84.4296,84.4296,TRUE,FALSE,solinst,,"at or near bottom, no cap, sediment?",,
KWF-XE8S,7/4/21 7:30,143.256,143.256,143.256,143.256,TRUE,FALSE,solinst,,"mud, near bottom",,
KWT-1,7/4/21 7:35,135.4328,135.3312,135.3312,135.636,TRUE,FALSE,solinst,,,,
KFF-XD6S,7/4/21 7:45,,,,,FALSE,FALSE,solinst,,no water,,
KHF-XD4S,7/4/21 7:46,,,,,FALSE,FALSE,solinst,,no water,,
KFT-XD3S,7/4/21 7:47,,,,,FALSE,FALSE,solinst,,no water,,
KHR-XD1S,7/4/21 7:50,126.5936,126.492,126.492,126.7968,TRUE,TRUE,solinst,,,,
KEF-1,7/4/21 7:57,53.34,53.34,53.34,53.34,TRUE,FALSE,solinst,saturated,"soggy, double-checked meter reading",,
KHF-1,7/4/21 7:58,59.436,59.436,59.436,59.436,TRUE,FALSE,solinst,,"ground to top is zero, no well casing",,
KWF-1,7/4/21 8:02,100.6856,100.8888,100.584,100.584,TRUE,FALSE,solinst,,,,
KWR-1,7/4/21 8:05,103.632,103.632,103.632,103.632,TRUE,FALSE,solinst,,"ground to top is 61, 67, 72.4 (cm)",,
LHT-1,7/4/21 9:03,131.064,131.064,131.064,131.064,TRUE,FALSE,solinst,,,,
LET-1,7/4/21 9:05,112.776,112.776,112.776,112.776,TRUE,FALSE,solinst,,,,
LWT-1,7/4/21 9:11,112.268,112.1664,112.1664,112.4712,TRUE,FALSE,solinst,,,,
EHR-1,7/5/21 7:30,113.284,113.0808,113.3856,113.3856,TRUE,TRUE,solinst,,,,
EER-1,7/5/21 7:32,119.5832,119.4816,119.4816,119.7864,TRUE,TRUE,solinst,,,,
EWR-1,7/5/21 7:35,115.6208,115.5192,115.5192,115.824,TRUE,FALSE,solinst,,,,
EFF-XA2N,7/5/21 7:43,74.2696,74.3712,74.3712,74.0664,TRUE,FALSE,solinst,,"EFR-A2N. Riparian? Pines within 2m, also sedge and horsetail locally, big bar to north",,
EWF-XA1N,7/5/21 7:46,149.5552,149.6568,149.6568,149.352,TRUE,FALSE,solinst,,change to EWR-A1N; aside gravel bar in willows,,
EFF-XA2S,7/5/21 7:49,,,,,FALSE,FALSE,solinst,,no water; dry on 07/03 at 12pm; 0 mm of mud at bottom,,
EEF-XA3S,7/5/21 7:50,,,,,FALSE,FALSE,solinst,,no water; dry on 07/03 at 12pm; 1 mm of mud at bottom,,
EHT-XA5S,7/5/21 7:55,,,,,FALSE,FALSE,solinst,dry-moist,no water; augered to 122 cm below ground and still no water,,
EET-2,7/5/21 7:57,149.4536,149.352,149.352,149.6568,TRUE,FALSE,solinst,dry-moist,mud,,
EWT-1,7/5/21 7:59,,,,,FALSE,FALSE,solinst,dry-moist,"hit bottom but clear water reading on meter; reading was 5.0 ft = 152.4 cm. On plot, the water level looks too elevated.",,
EHT-XB5S,7/5/21 8:06,143.1544,143.256,143.256,142.9512,TRUE,FALSE,solinst,,Cobble- to boulder-sized rocks at surface,,
EHT-XB6S,7/5/21 8:09,119.888,119.7864,120.0912,119.7864,TRUE,FALSE,solinst,,"locally MH, tree within 2 meters",,
EHF-XB7S,7/5/21 8:11,104.2416,104.2416,104.2416,104.2416,TRUE,FALSE,solinst,,"locally MH, tree within 2 meters",,
EEF-1,7/5/21 8:17,135.7376,135.636,135.636,135.9408,TRUE,TRUE,solinst,,carex and juncus,,
EHT-XC5S,7/5/21 8:22,146.1008,145.9992,145.9992,146.304,TRUE,FALSE,solinst,,EHT?,,
EET-1,7/5/21 8:24,,,,,FALSE,TRUE,solinst,,"no water; new phenocam spot, EHW present.",,
EER-XB4S,7/5/21 8:33,145.3896,145.3896,145.3896,145.3896,TRUE,FALSE,solinst,,"EER? sedge or MH? downslope of terrace, out of pine canopy, >5m from tree",,
EFR-XB3S,7/5/21 8:38,,,,,FALSE,TRUE,solinst,,no water; Forest <2 m from pine,,
EFR-XB2S,7/5/21 8:39,,,,,FALSE,FALSE,solinst,,no water; Forest 2.7m from tree,,
EFR-XB1S,7/5/21 8:41,140.4112,140.208,140.5128,140.5128,TRUE,FALSE,solinst,,Forest <2m from pine,,
EHR-XB1N,7/5/21 8:44,147.828,147.828,147.828,147.828,TRUE,FALSE,solinst,,"MH, 4m from pine base and 3m from canopy",,
EHR-XB2N,7/5/21 8:46,63.1952,63.0936,63.0936,63.3984,TRUE,TRUE,solinst,,clearly MH,,
EWR-XB3N,7/5/21 8:49,85.9536,85.9536,85.9536,85.9536,TRUE,TRUE,solinst,,"clearly W, at canopy edge",,
EWR-XB4N,7/5/21 8:50,83.2104,82.9056,83.2104,83.5152,TRUE,TRUE,solinst,,clearly W,,
KHF-1,7/5/21 17:36,97.9424,97.8408,97.8408,98.1456,TRUE,FALSE,solinst,,,,
KWT-1,7/5/21 18:00,141.4272,141.4272,141.4272,141.4272,TRUE,FALSE,solinst,,,,
KHT-XE5S,7/5/21 18:05,147.828,147.828,147.828,147.828,TRUE,FALSE,solinst,,,,
EHT-XA5S,7/16/21 8:35,,,,,FALSE,FALSE,solinst,,new well,,
EWT-1,7/16/21 8:40,134.0104,134.112,134.112,133.8072,TRUE,FALSE,solinst,,"new well, no well casing yet so top to ground = 0",,
EET-2,7/16/21 8:45,,,,,FALSE,FALSE,solinst,,new well,,
KHT-XD6N,7/20/21 6:48,218.44,218.5416,218.5416,218.2368,TRUE,FALSE,solinst,,,,
KER-XD5N,7/20/21 6:52,120.396,120.0912,120.396,120.7008,TRUE,TRUE,solinst,,,,
KHR-1,7/20/21 6:53,144.78,144.78,144.78,144.78,TRUE,TRUE,solinst,,,,
KHR-XD1N,7/20/21 6:55,127.8128,128.016,127.7112,127.7112,TRUE,TRUE,solinst,,,,
KER-1,7/20/21 6:57,147.7264,147.828,147.828,147.5232,TRUE,FALSE,solinst,,mud,,
KWR-XE1N,7/20/21 7:04,140.6144,140.8176,140.5128,140.5128,TRUE,FALSE,solinst,,,,
KFR-XE1S,7/20/21 7:05,130.048,130.1496,130.1496,129.8448,TRUE,FALSE,solinst,dry,,,
KFR-XE2S,7/20/21 7:06,63.7032,63.7032,63.7032,63.7032,TRUE,FALSE,solinst,,,,
KER-XE3S,7/20/21 7:08,-6.3,-4.2,-6.9,-7.8,TRUE,FALSE,solinst,standing,in centimeters? not noted,,
KHT-XE4S,7/20/21 7:09,141.732,141.732,141.732,141.732,TRUE,FALSE,solinst,dry,mud at bottom,,
KHT-XE5S,7/20/21 7:11,99.6696,99.6696,99.6696,99.6696,TRUE,FALSE,solinst,dry,"reading was 3.27 ft, if it's really 4.27 ft then welltop WL = 130.1496 cm and ground WL = 99 cm which seems too low compared to other readings in 2021.",,
KHT-XE6S,7/20/21 7:13,112.6744,112.4712,112.776,112.776,TRUE,TRUE,solinst,dry,"readings were 3.69, 3.7, 3.7; on plot, looks about 20 cm too high; unclear when new well installed; removing this reading",,
KHF-XE7S,7/20/21 7:15,,,,,FALSE,FALSE,solinst,dry,no water,,
KET-1,7/20/21 7:17,66.4464,66.4464,66.4464,66.4464,TRUE,FALSE,solinst,dry,,,
KWF-XE8S,7/20/21 7:21,142.6464,142.6464,142.6464,142.6464,TRUE,FALSE,solinst,dry,mud near bottom,,
KWT-1,7/20/21 7:25,143.5608,143.5608,143.5608,143.5608,TRUE,FALSE,solinst,dry,mud close to bottom,,
KFF-XD6S,7/20/21 7:36,,,,,FALSE,TRUE,solinst,dry,no water,,
KHR-XD1S,7/20/21 7:39,127.7112,127.7112,127.7112,127.7112,TRUE,TRUE,solinst,dry,,,
KEF-1,7/20/21 7:49,54.5592,54.5592,54.5592,54.5592,TRUE,TRUE,solinst,dry,,,
KHF-1,7/20/21 7:50,110.0328,110.0328,110.0328,110.0328,TRUE,TRUE,solinst,dry,,,
KWF-1,7/20/21 7:53,144.78,144.78,144.78,144.78,TRUE,FALSE,solinst,dry,,,
KWR-1,7/20/21 7:56,103.632,103.632,103.632,103.632,TRUE,FALSE,solinst,dry,,,
EHR-1,7/20/21 8:16,118.364,118.2624,118.2624,118.5672,TRUE,FALSE,solinst,dry,,,
EER-1,7/20/21 8:18,124.968,124.968,124.968,124.968,TRUE,FALSE,solinst,dry,,,
EWR-1,7/20/21 8:19,116.5352,116.4336,116.4336,116.7384,TRUE,FALSE,solinst,dry,,,
EFF-XA2N,7/20/21 8:25,78.6384,78.6384,78.6384,78.6384,TRUE,FALSE,solinst,dry,,,
EWF-XA1N,7/20/21 8:26,148.844,148.7424,148.7424,149.0472,TRUE,FALSE,solinst,dry,,,
EFF-XA2S,7/20/21 8:28,,,,,FALSE,FALSE,solinst,dry,"no water, mud",,
EHT-XA5S,7/20/21 8:30,,,,,FALSE,FALSE,solinst,dry,no water,,
EET-2,7/20/21 8:31,,,,,FALSE,FALSE,solinst,dry,no water,,
EWT-1,7/20/21 8:32,197.9168,197.8152,197.8152,198.12,TRUE,FALSE,solinst,dry,no cap,,
EHT-XB5S,7/20/21 8:36,,,,,FALSE,FALSE,solinst,dry,no water,,
EHT-XB6S,7/20/21 8:38,149.9616,149.9616,149.9616,149.9616,TRUE,FALSE,solinst,dry,,,
EHF-XB7S,7/20/21 8:40,128.9304,128.9304,128.9304,128.9304,TRUE,FALSE,solinst,wet,,,
EEF-1,7/20/21 8:42,138.684,138.684,138.684,138.684,TRUE,TRUE,solinst,dry,,,
EET-1,7/20/21 8:45,148.7424,148.7424,148.7424,148.7424,TRUE,TRUE,solinst,dry,some mud at bottom,,
EHT-XC5S,7/20/21 8:47,149.6568,149.6568,149.6568,149.6568,TRUE,TRUE,solinst,dry,near bottom,,
EER-XB4S,7/20/21 8:51,155.448,155.448,155.448,155.448,TRUE,FALSE,solinst,dry,mud,,
EFR-XB3S,7/20/21 8:51,,,,,FALSE,TRUE,solinst,dry,no water no mud,,
EFR-XB2S,7/20/21 8:53,154.2288,154.2288,154.2288,154.2288,TRUE,FALSE,solinst,dry,at bottom water present,,
EFR-XB1S,7/20/21 8:54,141.1224,141.1224,141.1224,141.1224,TRUE,FALSE,solinst,dry,,,
EHR-XB1N,7/20/21 8:55,154.432,152.4,155.448,155.448,TRUE,TRUE,solinst,dry,,,
EHR-XB2N,7/20/21 8:55,67.3608,67.3608,67.3608,67.3608,TRUE,TRUE,solinst,dry,,,
EWR-XB3N,7/20/21 8:56,116.6368,116.4336,116.7384,116.7384,TRUE,TRUE,solinst,dry,,,
EWR-XB4N,7/20/21 8:57,88.392,88.392,88.392,88.392,TRUE,TRUE,solinst,dry,,,
LHT-1,7/20/21 9:25,139.8016,139.5984,139.9032,139.9032,TRUE,FALSE,solinst,dry,mud,,
LET-1,7/20/21 9:27,143.256,143.256,143.256,143.256,TRUE,FALSE,solinst,dry,,,
LWT-1,7/20/21 9:28,119.1768,119.1768,119.1768,119.1768,TRUE,FALSE,solinst,dry,,,
KER-XD5N,8/6/21 6:40,126.492,126.492,126.492,126.492,TRUE,TRUE,solinst,,,,
KHR-1,8/6/21 6:42,145.1864,145.0848,145.0848,145.3896,TRUE,TRUE,solinst,,,,
KHR-XD1N,8/6/21 6:44,127.8128,128.016,127.7112,127.7112,TRUE,TRUE,solinst,,,,
KER-1,8/6/21 6:47,,,,,FALSE,FALSE,solinst,,no water,,
KWR-XE1N,8/6/21 6:53,140.5128,140.5128,140.5128,140.5128,TRUE,FALSE,solinst,,,,
KFR-XE1S,8/6/21 6:55,129.8448,129.8448,129.8448,129.8448,TRUE,FALSE,solinst,,,,
KFR-XE2S,8/6/21 6:56,62.0776,61.8744,62.1792,62.1792,TRUE,FALSE,solinst,saturated,"not standing water; readings listed as 2.3, 2.4, 2.4 ft in field notebook but should have two decimal digits; most likely an error and real reading was 2.03, 2.04, 2.04 ft",,
KER-XE3S,8/6/21 6:59,-8,-7,-6,-11,TRUE,FALSE,solinst,,"7, 6, 11 cm deep",,
KHT-XE4S,8/6/21 7:00,142.6464,142.6464,142.6464,142.6464,TRUE,FALSE,solinst,,at bottom,,
KHT-XE5S,8/6/21 7:03,125.8824,125.8824,125.8824,125.8824,TRUE,FALSE,solinst,,,,
KHT-XE6S,8/6/21 7:04,135.3312,135.3312,135.3312,135.3312,TRUE,TRUE,solinst,,,,
KET-1,8/6/21 7:05,79.8576,79.8576,79.8576,79.8576,TRUE,FALSE,solinst,,logger #4 installed at 7:24 a.m.,,
KHF-XE7S,8/6/21 7:06,,,,,FALSE,FALSE,solinst,,"no water, seems shallow",,
KWF-XE8S,8/6/21 7:09,,,,,FALSE,FALSE,solinst,,no water,,
KWT-1,8/6/21 7:11,175.8696,175.8696,175.8696,175.8696,TRUE,FALSE,solinst,,"logger caked in mud at bottom, move logger to KET-1",,
KHR-XD1S,8/6/21 7:30,128.016,128.016,128.016,128.016,TRUE,FALSE,solinst,,,,
KHF-1,8/6/21 7:37,150.876,150.876,150.876,150.876,TRUE,TRUE,solinst,,,,
KEF-1,8/6/21 7:38,57.7088,57.6072,57.6072,57.912,TRUE,TRUE,solinst,saturated,,,
KWF-1,8/6/21 7:40,145.796,145.6944,145.6944,145.9992,TRUE,FALSE,solinst,,mud with sand,,
KWR-1,8/6/21 7:43,104.5464,104.5464,104.5464,104.5464,TRUE,FALSE,solinst,,,,
KHT-XD6N,8/6/21 7:54,231.0384,231.0384,231.0384,231.0384,TRUE,FALSE,solinst,,,,
EHR-1,8/6/21 8:09,119.7864,119.7864,119.7864,119.7864,TRUE,FALSE,solinst,,,,
EER-1,8/6/21 8:11,126.6952,126.492,126.7968,126.7968,TRUE,FALSE,solinst,,,,
EWR-1,8/6/21 8:12,116.7384,116.7384,116.7384,116.7384,TRUE,FALSE,solinst,,,,
EFF-XA2N,8/6/21 8:18,79.248,79.248,79.248,79.248,TRUE,FALSE,solinst,,,,
EFF-XA2S,8/6/21 8:19,,,,,FALSE,FALSE,solinst,,no water,,
EWF-XA1N,8/6/21 8:20,150.5712,150.5712,150.5712,150.5712,TRUE,FALSE,solinst,,mud,,
EWT-1,8/6/21 8:24,207.264,207.264,207.264,207.264,TRUE,FALSE,solinst,,,,
EHT-XB6S,8/6/21 8:29,,,,,FALSE,FALSE,solinst,,no water,,
EHF-XB7S,8/6/21 8:31,136.2456,136.2456,136.2456,136.2456,TRUE,FALSE,solinst,moist,,,
EEF-1,8/6/21 8:34,138.684,138.684,138.684,138.684,TRUE,TRUE,solinst,,near bottom,,
EET-1,8/6/21 8:37,,,,,FALSE,TRUE,solinst,,no water,,
EHT-XC5S,8/6/21 8:38,,,,,FALSE,TRUE,solinst,,no water,,
EER-XB4S,8/6/21 8:42,,,,,FALSE,FALSE,solinst,,no water,,
EFR-XB2S,8/6/21 8:44,153.924,153.924,153.924,153.924,TRUE,FALSE,solinst,,,,
EFR-XB1S,8/6/21 8:45,142.0368,142.0368,142.0368,142.0368,TRUE,FALSE,solinst,,,,
EHR-XB1N,8/6/21 8:46,151.1808,151.1808,151.1808,151.1808,TRUE,FALSE,solinst,,,,
EHR-XB2N,8/6/21 8:47,69.1896,69.1896,69.1896,69.1896,TRUE,FALSE,solinst,,,,
EWR-XB3N,8/6/21 8:48,118.0592,117.9576,117.9576,118.2624,TRUE,FALSE,solinst,,,,
EWR-XB4N,8/6/21 8:49,93.1672,92.964,93.2688,93.2688,TRUE,FALSE,solinst,,,,
LHT-1,8/6/21 9:20,138.9888,138.9888,138.9888,138.9888,TRUE,FALSE,solinst,,near bottom,,
LET-1,8/6/21 9:22,143.256,143.256,143.256,143.256,TRUE,FALSE,solinst,,mud at bottom,,
LWT-1,8/6/21 9:25,124.3584,124.3584,124.3584,124.3584,TRUE,FALSE,solinst,,,,
EHR-1,8/22/21 9:24,114.9096,114.9096,114.9096,114.9096,TRUE,FALSE,solinst,,,,
EER-1,8/22/21 9:26,122.7328,122.5296,122.8344,122.8344,TRUE,FALSE,solinst,,,,
EWR-1,8/22/21 9:28,115.5192,115.5192,115.5192,115.5192,TRUE,FALSE,solinst,,,,
EFF-XA2N,8/22/21 9:35,78.1304,78.0288,78.0288,78.3336,TRUE,FALSE,solinst,,"swapped A1N and A2N, obvious mistake in field notebook",,
EWF-XA1N,8/22/21 9:35,148.7424,148.7424,148.7424,148.7424,TRUE,FALSE,solinst,,"swapped A1N and A2N, obvious mistake in field notebook",,
EWT-1,8/22/21 9:39,210.312,210.312,210.312,210.312,TRUE,TRUE,solinst,,"near bottom, needs more bentonite",,
EHT-XA5S,8/22/21 9:40,,,,,FALSE,FALSE,solinst,,"no water, moist at bottom",,
EHF-XB7S,8/22/21 9:48,140.8176,140.8176,140.8176,140.8176,TRUE,FALSE,solinst,dry-moist,,,
EEF-1,8/22/21 9:51,138.9888,138.9888,138.9888,138.9888,TRUE,TRUE,solinst,,mud at bottom,,
EER-XB4S,8/22/21 10:02,,,,,FALSE,FALSE,solinst,,no water,,
EFR-XB2S,8/22/21 10:03,,,,,FALSE,FALSE,solinst,,no water,,
EFR-XB1S,8/22/21 10:05,143.0528,142.9512,142.9512,143.256,TRUE,FALSE,solinst,,,,
EHR-XB1N,8/22/21 10:07,145.796,145.6944,145.6944,145.9992,TRUE,FALSE,solinst,,,,
EHR-XB2N,8/22/21 10:08,66.2432,66.1416,66.1416,66.4464,TRUE,FALSE,solinst,,,,
EWR-XB3N,8/22/21 10:09,112.3696,112.1664,112.4712,112.4712,TRUE,FALSE,solinst,,,,
EWR-XB4N,8/22/21 10:10,90.8304,90.8304,90.8304,90.8304,TRUE,FALSE,solinst,,,,
KHT-XD6N,8/22/21 11:37,231.3432,231.3432,231.3432,231.3432,TRUE,FALSE,solinst,,mud at bottom,,
KER-XD5N,8/22/21 11:39,148.7424,148.7424,148.7424,148.7424,TRUE,FALSE,solinst,,"wet mud, near bottom",,
KHR-1,8/22/21 11:40,145.6944,145.6944,145.6944,145.6944,TRUE,FALSE,solinst,,mud at bottom,,
KHR-XD1N,8/22/21 11:43,128.016,128.016,128.016,128.016,TRUE,FALSE,solinst,,,,
KHR-XD1S,8/22/21 11:45,128.3208,128.3208,128.3208,128.3208,TRUE,FALSE,solinst,,,,
KWR-XE1N,8/22/21 11:51,140.9192,140.8176,140.8176,141.1224,TRUE,FALSE,solinst,,"thalweg depth is 11.5 cm, between KWR-XE1N to KFR-XE1S - depth is 12-18.5 cm",,
KFR-XE1S,8/22/21 11:57,128.4224,128.3208,128.3208,128.6256,TRUE,FALSE,solinst,,,,
KFR-XE2S,8/22/21 11:58,62.3824,62.1792,62.484,62.484,TRUE,FALSE,solinst,standing,,,
KER-XE3S,8/22/21 11:59,-5.666666667,-5,-5,-7,TRUE,FALSE,solinst,,"5, 5, 7 cm above surface",,
KHT-XE4S,8/22/21 12:00,,,,,FALSE,FALSE,solinst,,"no water, mud at bottom",,
KHT-XE5S,8/22/21 12:03,125.5776,125.5776,125.5776,125.5776,TRUE,FALSE,solinst,,grasshoppers,,
KHT-XE6S,8/22/21 12:05,138.0744,138.0744,138.0744,138.0744,TRUE,TRUE,solinst,,grasshoppers,,
KET-1,8/22/21 12:07,87.7824,87.7824,87.7824,87.7824,TRUE,TRUE,solinst,,grasshoppers,,
KWT-1,8/22/21 12:11,,,,,FALSE,TRUE,solinst,,"no water, increase height of well",,
KEF-1,8/22/21 12:27,57.3024,57.3024,57.3024,57.3024,TRUE,TRUE,solinst,saturated,water at surface within 2 m distance,,
KHF-1,8/22/21 12:29,121.412,121.3104,121.3104,121.6152,TRUE,TRUE,solinst,,grasshopper and butterfly,,
KWF-1,8/22/21 12:31,147.2184,147.2184,147.2184,147.2184,TRUE,FALSE,solinst,,mud at or near bottom,,
KWR-1,8/22/21 12:36,103.4288,103.3272,103.3272,103.632,TRUE,FALSE,solinst,,"wet mud, near bottom",,
LHT-1,8/22/21 13:31,144.4752,144.4752,144.4752,144.4752,TRUE,FALSE,solinst,,mud at bottom,,
LET-1,8/22/21 13:32,144.78,144.78,144.78,144.78,TRUE,FALSE,solinst,,wet mud near bottom,,
LWT-1,8/22/21 13:34,128.016,128.016,128.016,128.016,TRUE,FALSE,solinst,,,,
KHT-XD6N,9/8/21 7:29,232.2576,232.2576,232.2576,232.2576,TRUE,FALSE,solinst,dry,mud at bottom,,
KER-XD5N,9/8/21 7:33,149.9616,149.9616,149.9616,149.9616,TRUE,TRUE,solinst,dry,mud at bottom,,
KHR-1,9/8/21 7:35,144.5768,144.4752,144.4752,144.78,TRUE,FALSE,solinst,dry,near bottom,,
KHR-XD1N,9/8/21 7:39,128.016,128.016,128.016,128.016,TRUE,TRUE,solinst,dry,,,
KHR-XD1S,9/8/21 7:42,128.016,128.016,128.016,128.016,TRUE,TRUE,solinst,dry,,,
KWR-XE1N,9/8/21 7:49,140.3096,140.208,140.208,140.5128,TRUE,FALSE,solinst,dry,,,
KFR-XE1S,9/8/21 7:52,128.4224,128.3208,128.3208,128.6256,TRUE,FALSE,solinst,dry,,,
KFR-XE2S,9/8/21 7:54,60.96,60.96,60.96,60.96,TRUE,FALSE,solinst,saturated,,,
KER-XE3S,9/8/21 7:57,-8.333333333,-8,-8.5,-8.5,TRUE,FALSE,solinst,standing,"8 cm, 8.5 cm, 8.5 cm",,
KHT-XE4S,9/8/21 7:58,143.256,143.256,143.256,143.256,TRUE,FALSE,solinst,dry,"at bottom, clear water reading",,
KHT-XE5S,9/8/21 8:00,121.8184,121.6152,121.92,121.92,TRUE,TRUE,solinst,dry,,,
KHT-XE6S,9/8/21 8:04,139.9032,139.9032,139.9032,139.9032,TRUE,TRUE,solinst,dry,,,
KET-1,9/8/21 8:07,83.82,83.82,83.82,83.82,TRUE,FALSE,solinst,dry,,,
KEF-1,9/8/21 8:19,56.6928,56.6928,56.6928,56.6928,TRUE,TRUE,solinst,,,,
KHF-1,9/8/21 8:21,125.5776,125.5776,125.5776,125.5776,TRUE,TRUE,solinst,dry,,,
KWF-1,9/8/21 8:24,145.6944,145.6944,145.6944,145.6944,TRUE,FALSE,solinst,,,,
KWR-1,9/8/21 8:28,104.2416,104.2416,104.2416,104.2416,TRUE,FALSE,solinst,dry,,,
EHR-1,9/8/21 8:53,115.5192,115.5192,115.5192,115.5192,TRUE,FALSE,solinst,dry,,,
EER-1,9/8/21 8:55,122.2248,122.2248,122.2248,122.2248,TRUE,FALSE,solinst,dry,,,
EWR-1,9/8/21 8:57,117.0432,117.0432,117.0432,117.0432,TRUE,FALSE,solinst,dry,,,
EFF-XA2N,9/8/21 9:02,79.248,79.248,79.248,79.248,TRUE,FALSE,solinst,dry,,,
EWF-XA1N,9/8/21 9:04,152.0952,152.0952,152.0952,152.0952,TRUE,FALSE,solinst,dry,mud near bottom,,
EWT-1,9/8/21 9:08,207.8736,207.8736,207.8736,207.8736,TRUE,TRUE,solinst,dry,,,
EHF-XB7S,9/8/21 9:15,147.5232,147.5232,147.5232,147.5232,TRUE,FALSE,solinst,dry,,,
EEF-1,9/8/21 9:17,143.1544,142.9512,143.256,143.256,TRUE,FALSE,solinst,dry,"at bottom mud, no water",,
EFR-XB1S,9/8/21 9:22,141.732,141.732,141.732,141.732,TRUE,FALSE,solinst,dry,,,
EHR-XB1N,9/8/21 9:24,146.1008,145.9992,145.9992,146.304,TRUE,FALSE,solinst,dry,,,
EHR-XB2N,9/8/21 9:25,68.3768,68.2752,68.2752,68.58,TRUE,TRUE,solinst,dry,,,
EWR-XB3N,9/8/21 9:27,116.4336,116.4336,116.4336,116.4336,TRUE,TRUE,solinst,dry,,,
EWR-XB4N,9/8/21 9:28,93.8784,93.8784,93.8784,93.8784,TRUE,TRUE,solinst,dry,,,
LHT-1,9/8/21 10:08,140.5128,140.5128,140.5128,140.5128,TRUE,FALSE,solinst,dry,mud near bottom,,
LET-1,9/8/21 10:10,144.78,144.78,144.78,144.78,TRUE,FALSE,solinst,dry,mud near bottom,,
LWT-1,9/8/21 10:12,129.54,129.54,129.54,129.54,TRUE,FALSE,solinst,dry,,,
KHT-XD6N,9/24/21 8:16,233.172,233.172,233.172,233.172,TRUE,FALSE,solinst,,"mud, not at bottom",,
KER-XD5N,9/24/21 8:21,149.6568,149.6568,149.6568,149.6568,TRUE,FALSE,solinst,,frost,,
KHR-1,9/24/21 8:23,145.6944,145.6944,145.6944,145.6944,TRUE,FALSE,solinst,,"frost, mud at bottom",,
KHR-XD1N,9/24/21 8:24,127.1016,127.1016,127.1016,127.1016,TRUE,FALSE,solinst,,frost,,
KHR-XD1S,9/24/21 8:26,126.7968,126.7968,126.7968,126.7968,TRUE,FALSE,solinst,,frost,,
KWR-XE1N,9/24/21 8:33,139.2936,139.2936,139.2936,139.2936,TRUE,FALSE,solinst,,frost,,
KFR-XE1S,9/24/21 8:35,126.7968,126.7968,126.7968,126.7968,TRUE,FALSE,solinst,,frost,,
KFR-XE2S,9/24/21 8:36,61.5696,61.5696,61.5696,61.5696,TRUE,FALSE,solinst,standing,,,
KER-XE3S,9/24/21 8:38,-7.166666667,-9.5,-4,-8,TRUE,FALSE,solinst,standing,"9.5, 4, 8 cm",,
KHT-XE4S,9/24/21 8:40,,,,,FALSE,FALSE,solinst,dry,no water,,
KHT-XE5S,9/24/21 8:41,96.4184,96.3168,96.3168,96.6216,TRUE,FALSE,solinst,dry,,,
KHT-XE6S,9/24/21 8:45,114.9096,114.9096,114.9096,114.9096,TRUE,FALSE,solinst,dry,,,
KET-1,9/24/21 8:46,78.6384,78.6384,78.6384,78.6384,TRUE,FALSE,solinst,dry,,,
KEF-1,9/24/21 8:59,55.7784,55.7784,55.7784,55.7784,TRUE,FALSE,solinst,saturated,,,
KHF-1,9/24/21 9:01,96.3168,96.3168,96.3168,96.3168,TRUE,FALSE,solinst,dry,,,
KWF-1,9/24/21 9:03,88.392,88.392,88.392,88.392,TRUE,FALSE,solinst,dry,,,
KWR-1,9/24/21 9:07,104.2416,104.2416,104.2416,104.2416,TRUE,FALSE,solinst,dry,,,
EHR-1,9/24/21 9:26,115.0112,114.9096,114.9096,115.2144,TRUE,FALSE,solinst,dry,,,
EER-1,9/24/21 9:28,118.2624,118.2624,118.2624,118.2624,TRUE,TRUE,solinst,dry,,,
EWR-1,9/24/21 9:29,115.2144,115.2144,115.2144,115.2144,TRUE,FALSE,solinst,dry,,,
EFF-XA2N,9/24/21 9:34,72.5424,72.5424,72.5424,72.5424,TRUE,FALSE,solinst,dry,,,
EWF-XA1N,9/24/21 9:35,149.352,149.352,149.352,149.352,TRUE,FALSE,solinst,dry,"mud, not bottom",,
EWT-1,9/24/21 9:40,188.976,188.976,188.976,188.976,TRUE,FALSE,solinst,dry,,,
EHF-XB7S,9/24/21 9:46,131.6736,131.6736,131.6736,131.6736,TRUE,FALSE,solinst,dry,,,
EEF-1,9/24/21 9:47,142.8496,142.6464,142.9512,142.9512,TRUE,FALSE,solinst,dry,"mud at bottom, not soppy mud",,
EER-XB4S,9/24/21 9:51,153.0096,153.0096,153.0096,153.0096,TRUE,FALSE,solinst,dry,mud at bottom,,
EFR-XB1S,9/24/21 9:53,141.1224,141.1224,141.1224,141.1224,TRUE,FALSE,solinst,dry,,,
LHT-1,9/24/21 10:27,140.8176,140.8176,140.8176,140.8176,TRUE,FALSE,solinst,dry,mud near bottom,,
LET-1,9/24/21 10:28,145.0848,145.0848,145.0848,145.0848,TRUE,FALSE,solinst,dry,mud near bottom,,
LWT-1,9/24/21 10:30,125.8824,125.8824,125.8824,125.8824,TRUE,FALSE,solinst,dry,,,
EWR-XB4N,9/24/21 17:18,99.06,99.06,99.06,99.06,TRUE,TRUE,solinst,dry,,,
EWR-XB3N,9/24/21 17:19,94.7928,94.7928,94.7928,94.7928,TRUE,TRUE,solinst,dry,,,
EHR-XB2N,9/24/21 17:20,68.2752,68.2752,68.2752,68.2752,TRUE,TRUE,solinst,dry,accidental error: had entered 3.24 ft from solinst in the field book when the reading was much more likely 2.24 ft.,,
EHR-XB1N,9/24/21 17:21,142.3416,142.3416,142.3416,142.3416,TRUE,TRUE,solinst,dry,,,
EER-1,9/24/21 17:23,124.0536,124.0536,124.0536,124.0536,TRUE,TRUE,solinst,,repeat from AM,,
LHT-1,10/6/21 8:00,145.0848,145.0848,145.0848,145.0848,TRUE,FALSE,solinst,,mud at bottom,,
LET-1,10/6/21 8:03,145.0848,145.0848,145.0848,145.0848,TRUE,FALSE,solinst,,mud at bottom,,
LWT-1,10/6/21 8:05,95.4024,95.4024,95.4024,95.4024,TRUE,FALSE,solinst,,,,
EHR-1,10/6/21 8:41,112.776,112.776,112.776,112.776,TRUE,FALSE,solinst,,,,
EER-1,10/6/21 8:43,114.0968,113.9952,113.9952,114.3,TRUE,TRUE,solinst,dry-moist,"thick thatch, dew",,
EWR-1,10/6/21 8:45,113.3856,113.3856,113.3856,113.3856,TRUE,FALSE,solinst,,need top pipe collar,,
EFF-XA2N,10/6/21 9:24,67.97,67.93666667,67.93666667,68.03666667,TRUE,FALSE,nm,,switched to homemade meter for the rest of 10/06 readings,,
EWF-XA1N,10/6/21 9:26,149.4366667,149.4366667,149.4366667,149.4366667,TRUE,FALSE,nm,,mud at bottom,,
EWT-1,10/6/21 9:32,177.77,177.7366667,177.7366667,177.8366667,TRUE,TRUE,nm,,,,
EHF-XB7S,10/6/21 9:39,70.77,70.63666667,70.83666667,70.83666667,TRUE,FALSE,nm,,,,
EEF-1,10/6/21 9:40,,,,,FALSE,FALSE,nm,,no water,,
EFR-XB1S,10/6/21 9:45,138.6366667,138.6366667,138.6366667,138.6366667,TRUE,FALSE,nm,,,,
EER-XB4S,10/6/21 9:46,143.7366667,143.7366667,143.7366667,143.7366667,TRUE,FALSE,nm,,,,
EFR-XB3S,10/6/21 9:47,,,,,FALSE,FALSE,nm,,no water,,
EHR-XB1N,10/6/21 9:53,,,,,FALSE,FALSE,nm,,"no water, may have hit logger?",,
EHR-XB2N,10/6/21 9:54,61.63666667,61.63666667,61.63666667,61.63666667,TRUE,FALSE,nm,,,,
EWR-XB3N,10/6/21 9:56,85.73666667,85.73666667,85.73666667,85.73666667,TRUE,FALSE,nm,,,,
EWR-XB4N,10/6/21 9:57,84.23666667,84.23666667,84.23666667,84.23666667,TRUE,FALSE,nm,,,,
KHT-XD6N,10/6/21 10:19,227.5366667,227.5366667,227.5366667,227.5366667,TRUE,FALSE,nm,,mud at bottom,,
KER-XD5N,10/6/21 10:24,145.9033333,145.8366667,145.9366667,145.9366667,TRUE,TRUE,nm,,,,
KHR-1,10/6/21 10:26,,,,,FALSE,FALSE,nm,,no water,,
KHR-XD1N,10/6/21 10:28,125.8366667,125.8366667,125.8366667,125.8366667,TRUE,FALSE,nm,,,,
KHR-XD1S,10/6/21 10:29,125.0366667,125.0366667,125.0366667,125.0366667,TRUE,FALSE,nm,,,,
KWR-XE1N,10/6/21 10:37,137.1366667,137.1366667,137.1366667,137.1366667,TRUE,FALSE,nm,,max depth at creek thalweg perpendicular to cross section = 13.5 cm,,
KFR-XE2S,10/6/21 10:41,60.87,60.83666667,60.83666667,60.93666667,TRUE,FALSE,nm,standing,,,
KHT-XE4S,10/6/21 10:44,130.3366667,130.3366667,130.3366667,130.3366667,TRUE,FALSE,nm,,,,
KER-XE3S,10/6/21 10:45,-7.366666667,-9.5,-6.8,-5.8,TRUE,FALSE,nm,standing,"9.5, 6.8, 5.8 CM",,
KHT-XE5S,10/6/21 10:47,93.53666667,93.73666667,93.43666667,93.43666667,TRUE,FALSE,nm,dry,,,
KFR-XE1S,10/6/21 10:48,121.0033333,120.9366667,121.0366667,121.0366667,TRUE,FALSE,nm,,,,
KHT-XE6S,10/6/21 10:49,107.3366667,107.3366667,107.3366667,107.3366667,TRUE,FALSE,nm,dry,,,
KET-1,10/6/21 10:50,78.33666667,78.13666667,78.43666667,78.43666667,TRUE,FALSE,nm,dry,,,
KWT-1,10/6/21 10:53,,,,,FALSE,FALSE,nm,,no water,,
KWR-1,10/6/21 11:07,102.8366667,102.8366667,102.8366667,102.8366667,TRUE,FALSE,nm,,,,
KWF-1,10/6/21 11:11,91.93666667,91.93666667,91.93666667,91.93666667,TRUE,FALSE,nm,,verified matches field notebook,,
KHF-1,10/6/21 11:13,91.33666667,91.33666667,91.33666667,91.33666667,TRUE,FALSE,nm,dry,verified matches field notebook,,
KEF-1,10/6/21 11:14,56.23666667,56.23666667,56.23666667,56.23666667,TRUE,FALSE,nm,saturated,,,
KHT-XD6N,11/14/21 7:25,57.8104,57.6072,57.912,57.912,TRUE,FALSE,solinst,,,,
KER-XD5N,11/14/21 7:27,45.72,45.72,45.72,45.72,TRUE,FALSE,solinst,,,,
KHR-XD1N,11/14/21 7:32,118.7704,118.5672,118.872,118.872,TRUE,FALSE,solinst,,,,
KER-1,11/14/21 7:35,94.488,94.488,94.488,94.488,TRUE,FALSE,solinst,,,,
KWR-XE1N,11/14/21 7:44,126.7968,126.7968,126.7968,126.7968,TRUE,FALSE,solinst,,,,
KFR-XE1S,11/14/21 7:46,120.396,120.396,120.396,120.396,TRUE,FALSE,solinst,,,,
KFR-XE2S,11/14/21 7:47,60.6552,60.6552,60.6552,60.6552,TRUE,FALSE,solinst,,,,
KER-XE3S,11/14/21 7:48,-6.2,-5,-6.8,-6.8,TRUE,FALSE,solinst,standing,"5, 6.8, 6.8 cm ",,
KHT-XE4S,11/14/21 7:50,80.3656,80.1624,80.4672,80.4672,TRUE,FALSE,solinst,,,,
KHT-XE6S,11/14/21 7:56,47.0408,46.9392,46.9392,47.244,TRUE,FALSE,solinst,,,,
KET-1,11/14/21 7:57,51.6128,51.5112,51.5112,51.816,TRUE,FALSE,solinst,,,,
KWF-XE8S,11/14/21 8:02,54.1528,53.9496,54.2544,54.2544,TRUE,FALSE,solinst,,,,
KWT-1,11/14/21 8:07,29.05125,29.05125,29.05125,29.05125,TRUE,FALSE,solinst,,barometer might have been in water,,
KFF-XD6S,11/14/21 8:14,82.1944,81.9912,82.296,82.296,TRUE,FALSE,solinst,,,,
KHF-XD4S,11/14/21 8:16,87.6808,87.4776,87.7824,87.7824,TRUE,FALSE,solinst,,,,
KFT-XD3S,11/14/21 8:17,93.5736,93.5736,93.5736,93.5736,TRUE,FALSE,solinst,,,,
KHR-XD1S,11/14/21 8:18,117.9576,117.9576,117.9576,117.9576,TRUE,FALSE,solinst,,,,
KHF-1,11/14/21 8:25,42.0624,42.0624,42.0624,42.0624,TRUE,FALSE,solinst,,,,
KEF-1,11/14/21 8:28,51.816,51.816,51.816,51.816,TRUE,FALSE,solinst,,,,
KWF-1,11/14/21 8:33,70.7136,70.7136,70.7136,70.7136,TRUE,FALSE,solinst,,"hole needs backfill, -2 cm from ground surface",,
KWR-1,11/14/21 8:38,85.9536,85.9536,85.9536,85.9536,TRUE,FALSE,solinst,,,,
LHT-1,11/14/21 8:40,62.992,62.7888,63.0936,63.0936,TRUE,FALSE,solinst,,,,
LET-1,11/14/21 8:45,52.6288,52.4256,52.7304,52.7304,TRUE,FALSE,solinst,,sedges frozen to ground,,
LWT-1,11/14/21 8:46,76.2,76.2,76.2,76.2,TRUE,FALSE,solinst,,,,
KHR-1,11/14/21 8:50,63.2968,63.0936,63.3984,63.3984,TRUE,FALSE,solinst,,,,
EHR-1,11/14/21 9:05,84.1248,84.1248,84.1248,84.1248,TRUE,FALSE,solinst,,,,
EER-1,11/14/21 9:07,95.504,95.4024,95.4024,95.7072,TRUE,FALSE,solinst,,,,
EWR-1,11/14/21 9:09,92.8624,92.6592,92.964,92.964,TRUE,FALSE,solinst,,,,
EFF-XA2N,11/14/21 9:23,53.6448,53.6448,53.6448,53.6448,TRUE,FALSE,solinst,,,,
EWF-XA1N,11/14/21 9:25,127.3048,127.4064,127.4064,127.1016,TRUE,FALSE,solinst,,,,
EFF-XA2S,11/14/21 9:31,99.6696,99.6696,99.6696,99.6696,TRUE,FALSE,solinst,,,,
EEF-XA3S,11/14/21 9:32,63.3984,63.3984,63.3984,63.3984,TRUE,FALSE,solinst,,,,
EHT-XA5S,11/14/21 9:36,28.59024,28.59024,28.59024,28.59024,TRUE,FALSE,solinst,,,,
EWT-1,11/14/21 9:38,75.5904,75.5904,75.5904,75.5904,TRUE,FALSE,solinst,,,,
EET-2,11/14/21 9:40,10.78992,10.78992,10.78992,10.78992,TRUE,FALSE,solinst,,,,
EHT-XB5S,11/14/21 9:41,21.57984,21.57984,21.57984,21.57984,TRUE,FALSE,solinst,standing,,,
EHT-XB6S,11/14/21 9:48,36.576,36.576,36.576,36.576,TRUE,FALSE,solinst,,,,
EHF-XB7S,11/14/21 9:50,62.0776,61.8744,62.1792,62.1792,TRUE,FALSE,solinst,,,,
EEF-1,11/14/21 9:52,67.056,67.056,67.056,67.056,TRUE,FALSE,solinst,,,,
EHT-XC5S,11/14/21 9:56,98.8568,98.7552,98.7552,99.06,TRUE,FALSE,solinst,,,,
EET-1,11/14/21 9:59,72.5424,72.5424,72.5424,72.5424,TRUE,FALSE,solinst,,,,
EER-XB4S,11/14/21 10:06,84.1248,84.1248,84.1248,84.1248,TRUE,FALSE,solinst,,,,
EFR-XB3S,11/14/21 10:07,113.0808,113.0808,113.0808,113.0808,TRUE,FALSE,solinst,,,,
EFR-XB2S,11/14/21 10:08,130.1496,130.1496,130.1496,130.1496,TRUE,FALSE,solinst,,,,
EFR-XB1S,11/14/21 10:09,132.588,132.588,132.588,132.588,TRUE,FALSE,solinst,,,,
EHR-XB1N,11/14/21 10:11,118.6688,118.5672,118.5672,118.872,TRUE,FALSE,solinst,,,,
EHR-XB2N,11/14/21 10:12,55.5752,55.4736,55.4736,55.7784,TRUE,FALSE,solinst,,,,
EWR-XB3N,11/14/21 10:13,80.772,80.772,80.772,80.772,TRUE,FALSE,solinst,,,,
EWR-XB4N,11/14/21 10:14,54.7624,54.5592,54.864,54.864,TRUE,FALSE,solinst,,,,